Date,Confirmed,Deaths,Recovered,Active,New cases,New deaths,New recovered,Deaths / 100 Cases,Recovered / 100 Cases,Deaths / 100 Recovered,Country Number
2020-01-22,557,17,30,510,0,0,0,3.05,5.39,56.67,6
2020-01-23,657,18,32,607,100,1,2,2.74,4.87,56.25,9
2020-01-24,944,26,39,879,287,8,7,2.75,4.13,66.67,10
2020-01-25,1437,42,42,1353,493,16,3,2.92,2.92,100.0,12
2020-01-26,2120,56,56,2008,683,14,14,2.64,2.64,100.0,13
2020-01-27,2929,82,65,2782,809,26,9,2.8,2.22,126.15,16
2020-01-28,5580,131,108,5341,2651,49,43,2.35,1.94,121.3,16
2020-01-29,6169,133,126,5910,589,2,18,2.16,2.04,105.56,18
2020-01-30,8237,172,143,7922,2068,39,17,2.09,1.74,120.28,20
2020-01-31,9927,214,222,9491,1690,42,79,2.16,2.24,96.4,23
2020-02-01,12038,260,284,11494,2111,46,62,2.16,2.36,91.55,25
2020-02-02,16787,364,463,15960,4749,104,179,2.17,2.76,78.62,25
2020-02-03,19887,428,608,18851,3100,64,145,2.15,3.06,70.39,25
2020-02-04,23899,494,826,22579,4012,66,218,2.07,3.46,59.81,26
2020-02-05,27644,566,1077,26001,3745,72,251,2.05,3.9,52.55,26
2020-02-06,30806,636,1424,28746,3162,70,347,2.06,4.62,44.66,26
2020-02-07,34339,721,1908,31710,3533,85,484,2.1,5.56,37.79,26
2020-02-08,37070,808,2471,33791,2731,87,563,2.18,6.67,32.7,26
2020-02-09,40098,908,3060,36130,3028,100,589,2.26,7.63,29.67,26
2020-02-10,42636,1015,3717,37904,2538,107,657,2.38,8.72,27.31,26
2020-02-11,44679,1115,4418,39146,2043,100,701,2.5,9.89,25.24,26
2020-02-12,46565,1120,4850,40595,1886,5,432,2.41,10.42,23.09,26
2020-02-13,60209,1373,5929,52907,13644,253,1079,2.28,9.85,23.16,26
2020-02-14,66694,1525,7616,57553,6485,152,1687,2.29,11.42,20.02,27
2020-02-15,68770,1668,8904,58198,2076,143,1288,2.43,12.95,18.73,27
2020-02-16,70883,1772,10321,58790,2113,104,1417,2.5,14.56,17.17,27
2020-02-17,72819,1870,11955,58994,1936,98,1634,2.57,16.42,15.64,27
2020-02-18,74613,2010,13693,58910,1794,140,1738,2.69,18.35,14.68,27
2020-02-19,75034,2125,15396,57513,421,115,1703,2.83,20.52,13.8,28
2020-02-20,75582,2248,17373,55961,548,123,1977,2.97,22.99,12.94,28
2020-02-21,76212,2252,17970,55990,630,4,597,2.95,23.58,12.53,30
2020-02-22,77974,2460,21855,53659,1762,208,3885,3.15,28.03,11.26,30
2020-02-23,78299,2470,22307,53522,325,10,452,3.15,28.49,11.07,31
2020-02-24,78867,2630,24049,52188,568,160,1742,3.33,30.49,10.94,36
2020-02-25,79721,2710,26654,50357,854,80,2605,3.4,33.43,10.17,41
2020-02-26,80679,2770,29081,48828,959,60,2427,3.43,36.05,9.53,47
2020-02-27,82023,2813,31924,47286,1344,43,2843,3.43,38.92,8.81,50
2020-02-28,83447,2870,35309,45268,1424,57,3385,3.44,42.31,8.13,55
2020-02-29,85318,2940,38317,44061,1871,70,3008,3.45,44.91,7.67,60
2020-03-01,87697,2994,41213,43490,2379,54,2896,3.41,46.99,7.26,65
2020-03-02,89677,3084,44088,42505,1980,90,2875,3.44,49.16,7.0,72
2020-03-03,92288,3158,46680,42450,2611,74,2592,3.42,50.58,6.77,75
2020-03-04,94632,3254,49619,41759,2344,96,2939,3.44,52.43,6.56,81
2020-03-05,97372,3349,52237,41786,2740,95,2618,3.44,53.65,6.41,85
2020-03-06,101356,3463,54269,43624,3984,114,2032,3.42,53.54,6.38,94
2020-03-07,105493,3567,56759,45167,4137,104,2490,3.38,53.8,6.28,97
2020-03-08,109291,3809,59093,46389,3798,242,2334,3.49,54.07,6.45,102
2020-03-09,113586,4003,60893,48690,4295,194,1800,3.52,53.61,6.57,104
2020-03-10,118345,4278,62800,51267,4759,275,1907,3.61,53.07,6.81,108
2020-03-11,125821,4629,65110,56082,7504,351,2310,3.68,51.75,7.11,115
2020-03-12,132577,4950,66438,61189,6756,321,1328,3.73,50.11,7.45,117
2020-03-13,145769,5453,68363,71953,13192,503,1925,3.74,46.9,7.98,127
2020-03-14,156657,5879,70729,80049,10888,426,2366,3.75,45.15,8.31,142
2020-03-15,167890,6550,74138,87202,11233,671,3409,3.9,44.16,8.83,148
2020-03-16,182457,7261,76192,99004,14567,711,2054,3.98,41.76,9.53,153
2020-03-17,197625,8112,78936,110577,15168,851,2744,4.1,39.94,10.28,157
2020-03-18,215178,9067,81422,124689,17553,955,2486,4.21,37.84,11.14,162
2020-03-19,242265,10209,83063,148993,27087,1142,1641,4.21,34.29,12.29,167
2020-03-20,271794,11783,85508,174503,29531,1574,2445,4.34,31.46,13.78,175
2020-03-21,304221,13590,89754,200877,32433,1807,4246,4.47,29.5,15.14,177
2020-03-22,338431,15418,95972,227041,34210,1828,6218,4.56,28.36,16.07,182
2020-03-23,380986,17514,96460,267012,42555,2096,488,4.6,25.32,18.16,183
2020-03-24,422869,19938,105979,296952,41898,2424,9519,4.71,25.06,18.81,185
2020-03-25,474350,22909,111423,340018,51481,2971,5444,4.83,23.49,20.56,188
2020-03-26,535164,26162,119784,389218,60814,3253,8361,4.89,22.38,21.84,188
2020-03-27,599095,29801,128497,440797,63931,3639,8713,4.97,21.45,23.19,189
2020-03-28,668675,33850,136797,498028,69580,4049,8300,5.06,20.46,24.74,192
2020-03-29,725191,37669,146247,541275,56516,3819,9450,5.19,20.17,25.76,192
2020-03-30,790202,42039,161583,586580,65011,4370,15336,5.32,20.45,26.02,193
2020-03-31,868644,47207,174047,647390,78442,5168,12464,5.43,20.04,27.12,195
2020-04-01,954984,53848,189587,711549,86340,6641,15540,5.64,19.85,28.4,195
2020-04-02,1037426,60090,206303,771033,82443,6242,16716,5.79,19.89,29.13,196
2020-04-03,1121629,66591,221285,833753,84203,6501,14982,5.94,19.73,30.09,196
2020-04-04,1181759,72950,241292,867517,77236,6359,20007,6.17,20.42,30.23,197
2020-04-05,1253472,78872,254693,919907,71713,5922,13401,6.29,20.32,30.97,199
2020-04-06,1328196,85300,271157,971739,74724,6428,16464,6.42,20.42,31.46,200
2020-04-07,1397138,93817,293881,1009440,72474,8517,22724,6.71,21.03,31.92,200
2020-04-08,1479314,101037,322399,1055878,82176,7220,28518,6.83,21.79,31.34,200
2020-04-09,1566491,109192,346644,1110655,87177,8155,24245,6.97,22.13,31.5,200
2020-04-10,1652921,116933,367687,1168301,86430,7741,21043,7.07,22.24,31.8,201
2020-04-11,1728429,123916,393202,1211311,75508,6983,25515,7.17,22.75,31.51,201
2020-04-12,1847009,130430,412050,1304529,118601,6514,18848,7.06,22.31,31.65,201
2020-04-13,1918842,136943,438672,1343227,71833,6513,26622,7.14,22.86,31.22,201
2020-04-14,2003460,144299,463272,1395889,84618,7356,24600,7.2,23.12,31.15,201
2020-04-15,2081728,153064,499055,1429609,78268,8765,35783,7.35,23.97,30.67,201
2020-04-16,2176187,160776,529200,1486211,94459,7712,30145,7.39,24.32,30.38,201
2020-04-17,2264058,169663,554536,1539859,87871,8887,25336,7.49,24.49,30.6,201
2020-04-18,2342286,176093,577981,1588212,78229,6430,23445,7.52,24.68,30.47,201
2020-04-19,2418610,182194,608877,1627539,76324,6101,30896,7.53,25.17,29.92,201
2020-04-20,2495102,188706,630358,1676038,76492,6512,21481,7.56,25.26,29.94,201
2020-04-21,2571183,195903,664514,1710766,76081,7197,34156,7.62,25.84,29.48,201
2020-04-22,2653200,203181,693333,1756686,82017,7278,28819,7.66,26.13,29.3,201
2020-04-23,2735889,210453,721754,1803682,84410,7272,28421,7.69,26.38,29.16,201
2020-04-24,2819458,217292,771390,1830776,93603,6839,49636,7.71,27.36,28.17,201
2020-04-25,2902628,223342,798276,1881010,83170,6050,26886,7.69,27.5,27.98,201
2020-04-26,2973391,228159,826215,1919017,70764,4817,27939,7.67,27.79,27.61,201
2020-04-27,3044420,233605,852709,1958106,71029,5446,26494,7.67,28.01,27.4,201
2020-04-28,3120175,240232,884952,1994991,75755,6627,32243,7.7,28.36,27.15,201
2020-04-29,3197493,247212,925933,2024348,78775,6980,40981,7.73,28.96,26.7,201
2020-04-30,3281197,253467,989942,2037788,83704,6255,64009,7.72,30.17,25.6,202
2020-05-01,3370165,259054,1026753,2084358,88968,5587,36811,7.69,30.47,25.23,203
2020-05-02,3448389,265070,1066348,2116971,78391,6016,39595,7.69,30.92,24.86,203
2020-05-03,3522395,269347,1097773,2155275,74022,4277,31425,7.65,31.17,24.54,203
2020-05-04,3600001,274192,1130744,2195065,77611,4845,32971,7.62,31.41,24.25,203
2020-05-05,3679657,280339,1166241,2233077,79656,6147,35497,7.62,31.69,24.04,203
2020-05-06,3770096,287102,1211180,2271814,90439,6763,44939,7.62,32.13,23.7,203
2020-05-07,3858649,292971,1249625,2316053,90136,5869,38445,7.59,32.39,23.44,203
2020-05-08,3949062,298924,1285054,2365084,91894,5953,35429,7.57,32.54,23.26,203
2020-05-09,4033303,303842,1337464,2391997,84241,4918,52410,7.53,33.16,22.72,203
2020-05-10,4108516,308180,1370420,2429916,75213,4338,32956,7.5,33.36,22.49,203
2020-05-11,4184693,312258,1416407,2456028,76234,4078,45987,7.46,33.85,22.05,203
2020-05-12,4270079,317992,1452401,2499686,85406,5734,35994,7.45,34.01,21.89,203
2020-05-13,4354494,323429,1507145,2523920,84416,5437,54744,7.43,34.61,21.46,204
2020-05-14,4450137,329180,1545928,2575029,95644,5751,38783,7.4,34.74,21.29,204
2020-05-15,4546467,334937,1593210,2618320,96330,5757,47282,7.37,35.04,21.02,204
2020-05-16,4640374,339478,1648696,2652200,93907,4541,55486,7.32,35.53,20.59,204
2020-05-17,4718721,343356,1688971,2686394,78347,3878,40275,7.28,35.79,20.33,204
2020-05-18,4807860,347751,1741199,2718910,89139,4395,52228,7.23,36.22,19.97,204
2020-05-19,4903469,352720,1792433,2758316,95818,4969,51234,7.19,36.55,19.68,204
2020-05-20,5008891,358126,1850675,2800090,105422,5406,58242,7.15,36.95,19.35,204
2020-05-21,5114845,363162,1900957,2850726,106058,5036,50282,7.1,37.17,19.1,204
2020-05-22,5222096,368868,2008626,2844602,107251,5706,107669,7.06,38.46,18.36,204
2020-05-23,5326203,373321,2062750,2890132,104107,4453,54124,7.01,38.73,18.1,204
2020-05-24,5419410,376724,2117590,2925096,93766,3403,54840,6.95,39.07,17.79,204
2020-05-25,5507621,378418,2180646,2948557,88583,1694,63056,6.87,39.59,17.35,204
2020-05-26,5599979,383197,2235097,2981685,92358,4779,54451,6.84,39.91,17.14,204
2020-05-27,5702531,388417,2297526,3016588,102552,5220,62429,6.81,40.29,16.91,204
2020-05-28,5822524,393409,2363665,3065450,119993,4992,66139,6.76,40.6,16.64,204
2020-05-29,5944000,398565,2439984,3105451,121476,5156,76319,6.71,41.05,16.33,204
2020-05-30,6079040,402926,2509816,3166298,135040,4361,69832,6.63,41.29,16.05,204
2020-05-31,6181899,406215,2585500,3190184,102859,3289,75684,6.57,41.82,15.71,204
2020-06-01,6282178,409956,2639540,3232682,100279,3741,54040,6.53,42.02,15.53,204
2020-06-02,6404924,415219,2743013,3246692,123467,5263,103473,6.48,42.83,15.14,204
2020-06-03,6516177,420840,2821309,3274028,114503,5621,78296,6.46,43.3,14.92,204
2020-06-04,6654503,426368,2890696,3337439,138326,5528,69387,6.41,43.44,14.75,204
2020-06-05,6788066,431425,2958966,3397675,133563,5057,68270,6.36,43.59,14.58,204
2020-06-06,6917397,435565,3030145,3451687,129331,4140,71179,6.3,43.8,14.37,204
2020-06-07,7028408,438822,3084665,3504921,111011,3257,54520,6.24,43.89,14.23,204
2020-06-08,7131461,443277,3235600,3452584,103053,4455,150935,6.22,45.37,13.7,204
2020-06-09,7257457,448322,3317091,3492044,125996,5045,81491,6.18,45.71,13.52,204
2020-06-10,7394649,453750,3395156,3545743,137192,5428,78065,6.14,45.91,13.36,204
2020-06-11,7530841,458890,3480113,3591838,136192,5140,84957,6.09,46.21,13.19,204
2020-06-12,7658314,463634,3558929,3635751,127473,4744,78816,6.05,46.47,13.03,204
2020-06-13,7792215,468025,3643995,3680195,133901,4391,85066,6.01,46.76,12.84,204
2020-06-14,7924160,471807,3713994,3738359,131945,3782,69999,5.95,46.87,12.7,204
2020-06-15,8049082,475874,3793461,3779747,124922,4067,79467,5.91,47.13,12.54,204
2020-06-16,8192992,482993,3890888,3819111,143911,7119,97427,5.9,47.49,12.41,204
2020-06-17,8336197,488470,4008338,3839389,143205,5477,117450,5.86,48.08,12.19,204
2020-06-18,8479293,493825,4088984,3896484,143096,5355,80646,5.82,48.22,12.08,204
2020-06-19,8660279,500186,4183436,3976657,181134,6361,94452,5.78,48.31,11.96,204
2020-06-20,8846158,504668,4298777,4042713,185879,4482,115341,5.7,48.59,11.74,204
2020-06-21,8939219,509312,4367036,4062871,112857,4644,68259,5.7,48.85,11.66,204
2020-06-22,9081554,513179,4458196,4110179,142336,3867,91160,5.65,49.09,11.51,204
2020-06-23,9249735,518747,4561801,4169187,168184,5568,103605,5.61,49.32,11.37,204
2020-06-24,9421201,524245,4677140,4219816,171466,5498,115339,5.56,49.64,11.21,204
2020-06-25,9600711,529355,4769684,4301672,179510,5110,92544,5.51,49.68,11.1,204
2020-06-26,9793186,534438,4875341,4383407,192475,5083,105657,5.46,49.78,10.96,204
2020-06-27,9969583,539174,4981357,4449052,176397,4736,106016,5.41,49.97,10.82,204
2020-06-28,10138036,542792,5070311,4524933,168863,3618,88954,5.35,50.01,10.71,204
2020-06-29,10290750,546866,5163871,4580013,152714,4074,93560,5.31,50.18,10.59,204
2020-06-30,10474504,552116,5280783,4641605,183754,5250,116912,5.27,50.42,10.46,204
2020-07-01,10689635,557457,5396399,4735779,215131,5341,115616,5.21,50.48,10.33,204
2020-07-02,10894596,562964,5680854,4650778,204961,5507,284455,5.17,52.14,9.91,204
2020-07-03,11097221,568207,5790370,4738644,202626,5243,109516,5.12,52.18,9.81,204
2020-07-04,11286926,573000,5985847,4728079,189705,4793,195477,5.08,53.03,9.57,204
2020-07-05,11473141,576834,6104942,4791365,186215,3834,119095,5.03,53.21,9.45,204
2020-07-06,11641421,581113,6228251,4832057,168280,4279,123309,4.99,53.5,9.33,204
2020-07-07,11851002,587473,6373004,4890525,209581,6360,144753,4.96,53.78,9.22,204
2020-07-08,12066269,593101,6530614,4942554,215267,5628,157610,4.92,54.12,9.08,204
2020-07-09,12290840,598947,6664939,5026954,224571,5846,134325,4.87,54.23,8.99,204
2020-07-10,12523941,604693,6804010,5115238,233101,5746,139071,4.83,54.33,8.89,204
2020-07-11,12736740,609822,6929379,5197539,212799,5129,125369,4.79,54.4,8.8,204
2020-07-12,12929668,614136,7041030,5274502,192928,4314,111651,4.75,54.46,8.72,204
2020-07-13,13124146,618563,7180911,5324672,194478,4427,139881,4.71,54.72,8.61,204
2020-07-14,13345152,624539,7322824,5397789,221006,5976,141913,4.68,54.87,8.53,204
2020-07-15,13574926,630465,7482272,5462189,229774,5926,159448,4.64,55.12,8.43,204
2020-07-16,13819823,636637,7634391,5548795,244897,6172,152119,4.61,55.24,8.34,204
2020-07-17,14057260,643657,7793938,5619665,237437,7020,159547,4.58,55.44,8.26,204
2020-07-18,14292583,650188,7944558,5697837,235323,6531,150620,4.55,55.59,8.18,204
2020-07-19,14504470,655101,8032424,5816945,211887,4913,87866,4.52,55.38,8.16,204
2020-07-20,14712643,659045,8191098,5862500,208173,3944,158674,4.48,55.67,8.05,204
2020-07-21,14955654,665406,8365513,5924735,243121,6361,174415,4.45,55.94,7.95,204
2020-07-22,15231007,672805,8544970,6013232,275355,7399,179457,4.42,56.1,7.87,204
2020-07-23,15510648,679462,8720750,6110436,279642,6657,175780,4.38,56.22,7.79,204
2020-07-24,15794148,685904,8948469,6159775,283500,6442,227719,4.34,56.66,7.67,204
2020-07-25,16043695,691988,9168002,6183705,249547,6084,219533,4.31,57.14,7.55,204
2020-07-26,16255495,696373,9311039,6248083,211800,4385,143037,4.28,57.28,7.48,204
2020-07-27,16489886,701676,9481931,6306279,234395,5303,170892,4.26,57.5,7.4,204
2020-07-28,16753762,708611,9652134,6393017,263876,6935,170203,4.23,57.61,7.34,204
2020-07-29,17024002,715259,9854391,6454352,270240,6648,202257,4.2,57.89,7.26,204
2020-07-30,17305766,722031,10067536,6516199,281764,6772,213145,4.17,58.17,7.17,204
2020-07-31,17593220,728618,10266569,6598033,287454,6587,199033,4.14,58.36,7.1,204
2020-08-01,17839468,734630,10447310,6657528,246248,6012,180741,4.12,58.56,7.03,204
2020-08-02,18070069,739306,10585877,6744886,230601,4676,138567,4.09,58.58,6.98,204
2020-08-03,18276143,744136,10808205,6723802,206075,4830,222328,4.07,59.14,6.88,204
2020-08-04,18541459,751310,11030984,6759165,265316,7174,222779,4.05,59.49,6.81,204
2020-08-05,18816615,758714,11252334,6805567,275156,7404,221350,4.03,59.8,6.74,204
2020-08-06,19103334,765548,11440808,6896978,286719,6834,188474,4.01,59.89,6.69,204
2020-08-07,19385767,772298,11632372,6981097,282433,6750,191564,3.98,60.0,6.64,204
2020-08-08,19650997,778338,11832464,7040195,265230,6040,200092,3.96,60.21,6.58,204
2020-08-09,19883990,783532,12011054,7089404,232995,5194,178590,3.94,60.41,6.52,204
2020-08-10,20117211,788910,12172597,7155704,233221,5378,161543,3.92,60.51,6.48,204
2020-08-11,20382771,795525,12477179,7110067,265561,6615,304582,3.9,61.21,6.38,204
2020-08-12,20657847,802475,12717419,7137953,275076,6950,240240,3.88,61.56,6.31,204
2020-08-13,20947949,809268,12880830,7257851,290118,6793,163411,3.86,61.49,6.28,204
2020-08-14,21255035,815853,13163607,7275575,307086,6585,282777,3.84,61.93,6.2,204
2020-08-15,21504053,821885,13331869,7350299,249018,6032,168262,3.82,62.0,6.16,204
2020-08-16,21714090,826689,13564518,7322883,210079,4804,232649,3.81,62.47,6.09,204
2020-08-17,21926975,831331,13775258,7320386,212885,4642,210740,3.79,62.82,6.03,204
2020-08-18,22186395,838387,14002145,7345863,259420,7056,226887,3.78,63.11,5.99,204
2020-08-19,22463863,844794,14219608,7399461,277468,6407,217463,3.76,63.3,5.94,204
2020-08-20,22735333,851241,14427042,7457050,271470,6447,207434,3.74,63.46,5.9,204
2020-08-21,22997295,856993,14594925,7545377,261962,5752,167883,3.73,63.46,5.87,204
2020-08-22,23260821,862775,14804519,7593527,263526,5782,209594,3.71,63.65,5.83,204
2020-08-23,23463571,867109,15020791,7575671,202750,4334,216272,3.7,64.02,5.77,204
2020-08-24,23691671,871945,15219427,7600299,228200,4836,198636,3.68,64.24,5.73,204
2020-08-25,23936871,878513,15450454,7607904,245200,6568,231027,3.67,64.55,5.69,204
2020-08-26,24218555,885065,15675642,7657848,281684,6552,225188,3.65,64.73,5.65,204
2020-08-27,24505810,891280,15882429,7732101,287255,6215,206787,3.64,64.81,5.61,204
2020-08-28,24789741,897100,16081026,7811615,285279,5820,198597,3.62,64.87,5.58,204
2020-08-29,25050451,902887,16292136,7855428,260710,5787,211110,3.6,65.04,5.54,204
2020-08-30,25270180,907161,16502173,7860846,219729,4274,210037,3.59,65.3,5.5,204
2020-08-31,25534490,911591,16702315,7920584,264310,4430,200142,3.57,65.41,5.46,204
2020-09-01,25801370,918198,16959848,7923324,266880,6607,257533,3.56,65.73,5.41,204
2020-09-02,26083248,924497,17178635,7980116,281890,6299,218787,3.54,65.86,5.38,204
2020-09-03,26368660,930596,17399373,8038691,285412,6099,220738,3.53,65.99,5.35,204
2020-09-04,26670385,936437,17612231,8121717,301725,5841,212858,3.51,66.04,5.32,204
2020-09-05,26944077,941532,17812921,8189624,273692,5095,200690,3.49,66.11,5.29,204
2020-09-06,27173065,945667,18024437,8202961,228988,4135,211516,3.48,66.33,5.25,204
2020-09-07,27390346,955290,18221694,8213362,225234,9623,197257,3.49,66.53,5.24,204
2020-09-08,27636847,960413,18422423,8254011,246501,5123,200729,3.48,66.66,5.21,204
2020-09-09,27922140,966678,18662251,8293211,285293,6265,239828,3.46,66.84,5.18,204
2020-09-10,28226536,972682,18877742,8376112,304396,6004,215491,3.45,66.88,5.15,204
2020-09-11,28542893,978681,19100666,8463546,316357,5999,222924,3.43,66.92,5.12,204
2020-09-12,28831582,983738,19323172,8524672,288689,5057,222506,3.41,67.02,5.09,204
2020-09-13,29080406,987703,19510627,8582076,248824,3965,187455,3.4,67.09,5.06,204
2020-09-14,29347558,992307,19738191,8617060,267152,4604,227564,3.38,67.26,5.03,204
2020-09-15,29628089,998871,19963651,8665567,280531,6564,225460,3.37,67.38,5.0,204
2020-09-16,29933042,1004739,20192379,8735924,304953,5868,228728,3.36,67.46,4.98,204
2020-09-17,30248610,1010390,20411878,8826342,315568,5651,219499,3.34,67.48,4.95,204
2020-09-18,30575231,1016245,20662233,8896753,326621,5855,250355,3.32,67.58,4.92,204
2020-09-19,30868313,1021518,20898756,8948039,293082,5273,236523,3.31,67.7,4.89,204
2020-09-20,31123420,1025506,21135209,8962705,255107,3988,236453,3.29,67.91,4.85,204
2020-09-21,31383351,1029935,21379460,8973956,259931,4429,244251,3.28,68.12,4.82,204
2020-09-22,31667632,1036085,21597300,9034247,284281,6150,217840,3.27,68.2,4.8,204
2020-09-23,31979258,1042635,21859449,9077174,311626,6550,262149,3.26,68.36,4.77,204
2020-09-24,32300159,1048295,22114170,9137694,320901,5660,254721,3.25,68.46,4.74,204
2020-09-25,32630148,1054314,22352139,9223695,329989,6019,237969,3.23,68.5,4.72,204
2020-09-26,32915813,1059745,22613598,9242470,285665,5431,261459,3.22,68.7,4.69,204
2020-09-27,33162790,1063629,22826473,9272688,247069,3884,212875,3.21,68.83,4.66,204
2020-09-28,33425542,1067745,23047627,9310170,262752,4116,221154,3.19,68.95,4.63,204
2020-09-29,33708298,1073808,23287310,9347180,282756,6063,239683,3.19,69.08,4.61,204
2020-09-30,34032813,1080234,23534062,9418517,324515,6426,246752,3.17,69.15,4.59,204
2020-10-01,34351918,1089129,23753882,9508907,319105,8895,219820,3.17,69.15,4.59,204
2020-10-02,34681398,1094807,23924863,9661728,329480,5678,170981,3.16,68.98,4.58,204
2020-10-03,34978684,1099591,24179402,9699691,297286,4784,254539,3.14,69.13,4.55,204
2020-10-04,35239179,1103616,24399642,9735921,260495,4025,220240,3.13,69.24,4.52,204
2020-10-05,35550551,1110706,24634693,9805152,311372,7090,235051,3.12,69.29,4.51,204
2020-10-06,35866591,1116567,24865253,9884771,316040,5861,230560,3.11,69.33,4.49,204
2020-10-07,36215837,1122491,25118590,9974756,349246,5924,253337,3.1,69.36,4.47,204
2020-10-08,36575133,1128874,25336105,10110154,359296,6383,217515,3.09,69.27,4.46,204
2020-10-09,36935514,1135066,25540247,10260201,360381,6192,204142,3.07,69.15,4.44,204
2020-10-10,37290959,1139970,25733765,10417224,355445,4904,193518,3.06,69.01,4.43,204
2020-10-11,37580394,1144165,25954201,10482028,289435,4195,220436,3.04,69.06,4.41,204
2020-10-12,37870438,1148294,26153034,10569110,290044,4129,198833,3.03,69.06,4.39,205
2020-10-13,38189805,1153631,26341832,10694342,319367,5337,188798,3.02,68.98,4.38,205
2020-10-14,38570501,1159797,26552063,10858641,380696,6166,210231,3.01,68.84,4.37,205
2020-10-15,38977437,1166007,26757085,11054345,406936,6210,205022,2.99,68.65,4.36,205
2020-10-16,39387919,1172227,26957861,11257831,410482,6220,200776,2.98,68.44,4.35,205
2020-10-17,39759955,1177953,27155956,11426046,372036,5726,198095,2.96,68.3,4.34,205
2020-10-18,40091138,1181934,27353884,11555320,331183,3981,197928,2.95,68.23,4.32,205
2020-10-19,40466106,1186777,27553400,11725929,374968,4843,199516,2.93,68.09,4.31,205
2020-10-20,40854900,1193405,27762537,11898958,388794,6628,209137,2.92,67.95,4.3,205
2020-10-21,41294390,1200314,27976676,12117400,439490,6909,214139,2.91,67.75,4.29,205
2020-10-22,41776416,1206273,28201487,12368656,482026,5959,224811,2.89,67.51,4.28,205
2020-10-23,42270246,1213379,28400849,12656018,493830,7106,199362,2.87,67.19,4.27,205
2020-10-24,42726473,1219297,28611042,12896134,456227,5918,210193,2.85,66.96,4.26,205
2020-10-25,43085259,1223662,28806040,13055557,358786,4365,194998,2.84,66.86,4.25,205
2020-10-26,43568374,1229499,29042228,13296647,483115,5837,236188,2.82,66.66,4.23,205
2020-10-27,44036782,1236910,29629621,13170251,468408,7411,587393,2.81,67.28,4.17,205
2020-10-28,44558452,1244087,29892667,13421698,521670,7177,263046,2.79,67.09,4.16,206
2020-10-29,45109832,1251325,30136763,13721744,551380,7238,244096,2.77,66.81,4.15,206
2020-10-30,45681556,1259099,30389232,14033225,571724,7774,252469,2.76,66.52,4.14,206
2020-10-31,46153583,1265746,30631505,14256332,472027,6647,242273,2.74,66.37,4.13,206
2020-11-01,46592694,1271102,30887589,14434003,439111,5356,256084,2.73,66.29,4.12,206
2020-11-02,47141127,1277428,31165325,14698374,548433,6326,277736,2.71,66.11,4.1,206
2020-11-03,47706544,1287001,31413040,15006503,565417,9573,247715,2.7,65.85,4.1,206
2020-11-04,48198699,1296931,31689904,15211864,539456,9930,276864,2.69,65.75,4.09,206
2020-11-05,48817985,1305648,31991699,15520638,619287,8717,301795,2.67,65.53,4.08,206
2020-11-06,49441034,1314840,32275891,15850303,623049,9192,284192,2.66,65.28,4.07,206
2020-11-07,50040077,1322626,32572655,16144796,599043,7786,296764,2.64,65.09,4.06,206
2020-11-08,50530916,1329026,32823875,16378015,490839,6400,251220,2.63,64.96,4.05,206
2020-11-09,51040790,1336607,33077347,16626836,509874,7581,253472,2.62,64.81,4.04,206
2020-11-10,51611442,1346358,33331415,16933669,570652,9751,254068,2.61,64.58,4.04,207
2020-11-11,52236021,1356774,33709463,17169784,624579,10416,378048,2.6,64.53,4.02,207
2020-11-12,52876151,1366492,33931864,17577795,640130,9718,222401,2.58,64.17,4.03,207
2020-11-13,53537038,1376424,34229865,17930749,660887,9932,298001,2.57,63.94,4.02,207
2020-11-14,54123942,1385562,34504894,18233486,586904,9138,275029,2.56,63.75,4.02,207
2020-11-15,54614109,1392521,34732041,18489547,490167,6959,227147,2.55,63.6,4.01,207
2020-11-16,55139783,1400578,35118366,18620839,525674,8057,386325,2.54,63.69,3.99,207
2020-11-17,55741979,1411552,35547691,18782736,602196,10974,429325,2.53,63.77,3.97,207
2020-11-18,56364139,1423024,35906410,19034705,622160,11472,358719,2.52,63.7,3.96,208
2020-11-19,57018080,1434166,36276337,19307577,653941,11142,369927,2.52,63.62,3.95,208
2020-11-20,57692117,1445918,36627050,19619149,674037,11752,350713,2.51,63.49,3.95,208
2020-11-21,58284603,1455222,36962351,19867030,592486,9304,335301,2.5,63.42,3.94,208
2020-11-22,58782628,1462891,37232450,20087287,498025,7669,270099,2.49,63.34,3.93,208
2020-11-23,59316730,1471620,37638345,20206765,534102,8729,405895,2.48,63.45,3.91,208
2020-11-24,59907478,1484142,38006411,20416925,590748,12522,368066,2.48,63.44,3.9,208
2020-11-25,60524493,1496166,38440020,20588307,617015,12024,433609,2.47,63.51,3.89,208
2020-11-26,61113622,1507101,38802987,20803534,589129,10935,362967,2.47,63.49,3.88,208
2020-11-27,61808961,1518622,39178894,21111445,695339,11521,375907,2.46,63.39,3.88,208
2020-11-28,62416458,1528137,39534245,21354076,607497,9515,355351,2.45,63.34,3.87,208
2020-11-29,62912011,1535794,39848850,21527367,495553,7657,314605,2.44,63.34,3.85,208
2020-11-30,63418663,1544842,40245493,21628328,506652,9048,396643,2.44,63.46,3.84,208
2020-12-01,64033495,1557292,40716621,21759582,614832,12450,471128,2.43,63.59,3.82,208
2020-12-02,64673748,1569682,41174274,21929792,640253,12390,457653,2.43,63.66,3.81,208
2020-12-03,65364358,1582391,41596412,22185555,690610,12709,422138,2.42,63.64,3.8,208
2020-12-04,66060749,1594861,42081284,22384604,696391,12470,484872,2.41,63.7,3.79,208
2020-12-05,66703038,1605462,42512106,22585470,642289,10601,430822,2.41,63.73,3.78,208
2020-12-06,67246937,1613555,42823313,22810069,543899,8093,311207,2.4,63.68,3.77,208
2020-12-07,67781906,1622399,43226723,22932784,534969,8844,403410,2.39,63.77,3.75,208
2020-12-08,68412529,1634435,43661831,23116263,630623,12036,435108,2.39,63.82,3.74,208
2020-12-09,69077843,1646992,44082236,23348615,665314,12557,420405,2.38,63.82,3.74,208
2020-12-10,70573249,1659412,44567752,24346085,1495408,12420,485516,2.35,63.15,3.72,208
2020-12-11,71278990,1672597,45038928,24567465,705741,13185,471176,2.35,63.19,3.71,208
2020-12-12,71927615,1683426,46537727,23706462,648625,10829,1498799,2.34,64.7,3.62,208
2020-12-13,72466392,1691683,46928011,23846698,538777,8257,390284,2.33,64.76,3.6,208
2020-12-14,73017608,1700876,40931402,30385330,551216,9193,-5996609,2.33,56.06,4.16,208
2020-12-15,73666209,1714102,41282978,30669129,648601,13226,351576,2.33,56.04,4.15,208
2020-12-16,74383735,1728026,41639237,31016472,717560,13924,356259,2.32,55.98,4.15,208
2020-12-17,75122391,1741197,42008112,31373082,738656,13171,368875,2.32,55.92,4.14,208
2020-12-18,75843848,1754236,42318340,31771272,721457,13039,310228,2.31,55.8,4.15,208
2020-12-19,76479304,1765493,42663864,32049947,635456,11257,345524,2.31,55.78,4.14,208
2020-12-20,77026602,1773870,42935371,32317361,547298,8377,271507,2.3,55.74,4.13,208
2020-12-21,77572900,1783356,43271065,32518479,546298,9486,335694,2.3,55.78,4.12,208
2020-12-22,78224366,1797232,43625991,32801143,651466,13876,354926,2.3,55.77,4.12,208
2020-12-23,78906443,1810981,43943379,33152083,682077,13749,317388,2.3,55.69,4.12,208
2020-12-24,79599820,1823187,44253869,33522764,693377,12206,310490,2.29,55.6,4.12,208
2020-12-25,80093035,1831806,44544713,33716516,493215,8619,290844,2.29,55.62,4.11,208
2020-12-26,80625672,1840160,44950898,33834614,532637,8354,406185,2.28,55.75,4.09,208
2020-12-27,81038828,1848278,45232763,33957787,413156,8118,281865,2.28,55.82,4.09,208
2020-12-28,81538018,1857823,45519013,34161182,499190,9545,286250,2.28,55.83,4.08,208
2020-12-29,82209857,1872796,45862047,34475014,671839,14973,343034,2.28,55.79,4.08,208
2020-12-30,82935122,1888214,46242805,34804103,725265,15418,380758,2.28,55.76,4.08,208
2020-12-31,83774851,1901709,46537598,35335544,839729,13495,294793,2.27,55.55,4.09,208
2021-01-01,84338539,1911315,46840016,35587208,563688,9606,302418,2.27,55.54,4.08,208
2021-01-02,84942886,1920706,47092077,35930103,604347,9391,252061,2.26,55.44,4.08,208
2021-01-03,85463165,1928671,47347314,36187180,520279,7965,255237,2.26,55.4,4.07,208
2021-01-04,86020581,1938621,47624732,36457228,557416,9950,277418,2.25,55.36,4.07,208
2021-01-05,86761451,1954036,47933648,36873767,740870,15415,308916,2.25,55.25,4.08,208
2021-01-06,87552423,1968961,48239189,37344273,790972,14925,305541,2.25,55.1,4.08,208
2021-01-07,88422426,1983930,48555707,37882789,870004,14969,316518,2.24,54.91,4.09,208
2021-01-08,89257887,1999145,48844945,38413797,835461,15215,289238,2.24,54.72,4.09,208
2021-01-09,90014157,2012504,49168473,38833180,756270,13359,323528,2.24,54.62,4.09,208
2021-01-10,90615669,2022060,49432477,39161132,601512,9556,264004,2.23,54.55,4.09,208
2021-01-11,91230127,2032345,49712505,39485277,614458,10285,280028,2.23,54.49,4.09,208
2021-01-12,91922650,2049331,50047755,39825564,692523,16986,335250,2.23,54.45,4.09,208
2021-01-13,92665964,2065816,50405308,40194840,743314,16485,357553,2.23,54.39,4.1,208
2021-01-14,93425030,2081531,50769391,40574108,759066,15715,364083,2.23,54.34,4.1,208
2021-01-15,94208900,2097251,51081349,41030300,783870,15720,311958,2.23,54.22,4.11,208
2021-01-16,94865785,2111285,51391817,41362683,656885,14034,310468,2.23,54.17,4.11,208
2021-01-17,95393364,2121122,51700201,41572041,527579,9837,308384,2.22,54.2,4.1,208
2021-01-18,95910597,2131568,52010909,41768120,517234,10446,310708,2.22,54.23,4.1,208
2021-01-19,96503337,2147277,52405942,41950118,592740,15709,395033,2.23,54.3,4.1,208
2021-01-20,97190553,2165010,52725438,42300105,687216,17733,319496,2.23,54.25,4.11,208
2021-01-21,97859319,2182343,53084203,42592773,668766,17333,358765,2.23,54.25,4.11,209
2021-01-22,98522871,2198413,53458569,42865889,663552,16070,374366,2.23,54.26,4.11,209
2021-01-23,99099565,2212978,53770463,43116124,576694,14565,311894,2.23,54.26,4.12,209
2021-01-24,99561534,2222737,54073368,43265429,461969,9759,302905,2.23,54.31,4.11,209
2021-01-25,100043068,2233879,54380560,43428629,481534,11142,307192,2.23,54.36,4.11,209
2021-01-26,100604379,2251260,54702455,43650664,561311,17381,321895,2.24,54.37,4.12,209
2021-01-27,101205382,2268180,55036385,43900817,601003,16920,333930,2.24,54.38,4.12,209
2021-01-28,101820526,2284747,55346475,44189304,615144,16567,310090,2.24,54.36,4.13,209
2021-01-29,102409521,2300479,55703961,44405081,588997,15732,357486,2.25,54.39,4.13,209
2021-01-30,102924387,2313804,56049501,44561082,514866,13325,345540,2.25,54.46,4.13,209
2021-01-31,103320978,2323352,56333829,44663797,396591,9548,284328,2.25,54.52,4.12,209
2021-02-01,103763972,2333602,56598357,44832013,442994,10250,264528,2.25,54.55,4.12,209
2021-02-02,104229426,2348454,56944057,44936915,465454,14852,345700,2.25,54.63,4.12,209
2021-02-03,104754731,2364321,57269037,45121373,525305,15867,324980,2.26,54.67,4.13,209
2021-02-04,105226515,2377250,57559193,45290072,472242,12929,290156,2.26,54.7,4.13,209
2021-02-05,105763017,2394435,57843528,45525054,536502,17185,284335,2.26,54.69,4.14,209
2021-02-06,106198227,2406292,58134152,45657783,435210,11857,290624,2.27,54.74,4.14,209
2021-02-07,106549771,2414059,58407816,45727896,351544,7767,273664,2.27,54.82,4.13,209
2021-02-08,106889681,2423620,58620591,45845470,339911,9561,212775,2.27,54.84,4.13,209
2021-02-09,107296962,2438357,58987550,45871055,407281,14737,366959,2.27,54.98,4.13,209
2021-02-10,107737434,2452216,59252303,46032915,440472,13859,264753,2.28,55.0,4.14,209
2021-02-11,108181218,2466090,59523076,46192052,443784,13874,270773,2.28,55.02,4.14,209
2021-02-12,108610804,2478974,59806494,46325336,429586,12884,283418,2.28,55.06,4.14,209
2021-02-13,108991300,2489658,60050324,46451318,380496,10684,243830,2.28,55.1,4.15,209
2021-02-14,109299944,2496764,60242533,46560647,308644,7106,192209,2.28,55.12,4.14,209
2021-02-15,109580762,2504582,60528076,46548104,280818,7818,285543,2.29,55.24,4.14,209
2021-02-16,109940564,2515681,60755647,46669236,359802,11099,227571,2.29,55.26,4.14,209
2021-02-17,110326929,2527035,61045554,46754340,386365,11354,289907,2.29,55.33,4.14,209
2021-02-18,110737724,2539024,61277527,46921173,410795,11989,231973,2.29,55.34,4.14,209
2021-02-19,111147368,2550677,61508148,47088543,409644,11653,230621,2.29,55.34,4.15,209
2021-02-20,111522568,2559787,61773753,47189028,375200,9110,265605,2.3,55.39,4.14,209
2021-02-21,111842125,2566577,61987908,47287640,319557,6790,214155,2.29,55.42,4.14,209
2021-02-22,112137689,2573829,62165879,47397981,295564,7252,177971,2.3,55.44,4.14,209
2021-02-23,112530433,2585311,62439327,47505795,392744,11482,273448,2.3,55.49,4.14,209
2021-02-24,112975397,2597757,62645309,47732331,444964,12446,205982,2.3,55.45,4.15,209
2021-02-25,113428374,2608664,62868990,47950720,452977,10907,223681,2.3,55.43,4.15,209
2021-02-26,113870333,2619222,63125028,48126083,441959,10558,256038,2.3,55.44,4.15,209
2021-02-27,114267074,2627953,63372293,48266828,396741,8731,247265,2.3,55.46,4.15,209
2021-02-28,114574856,2634451,63544587,48395818,307782,6498,172294,2.3,55.46,4.15,209
2021-03-01,114880352,2642058,63755283,48483011,305496,7607,210696,2.3,55.5,4.14,209
2021-03-02,115193622,2652307,64020995,48520320,387617,10249,265712,2.3,55.58,4.14,209
2021-03-03,115635482,2663812,64246000,48725670,441860,11505,225005,2.3,55.56,4.15,209
2021-03-04,116093926,2674274,64493125,48926527,458444,10462,247125,2.3,55.55,4.15,209
2021-03-05,116543044,2684757,64715003,49143284,449118,10483,221878,2.3,55.53,4.15,209
2021-03-06,116957077,2693078,64948150,49315849,414033,8321,233147,2.3,55.53,4.15,209
2021-03-07,117331517,2699158,65184168,49448191,374440,6080,236018,2.3,55.56,4.14,209
2021-03-08,117636983,2706348,65454396,49476239,305466,7190,270228,2.3,55.64,4.13,209
2021-03-09,118051036,2716843,65712377,49621816,414053,10495,257981,2.3,55.66,4.13,209
2021-03-10,118509901,2726999,65944074,49838828,458865,10156,231697,2.3,55.64,4.14,209
2021-03-11,118999600,2737213,66213785,50048602,489699,10214,269711,2.3,55.64,4.13,209
2021-03-12,119488857,2747073,66478521,50263263,489257,9860,264736,2.3,55.64,4.13,209
2021-03-13,119944472,2755682,66727610,50461180,455615,8609,249089,2.3,55.63,4.13,209
2021-03-14,120309544,2761600,66970193,50577751,365072,5918,242583,2.3,55.66,4.12,209
2021-03-15,120663624,2769164,67256134,50638326,354080,7564,285941,2.29,55.74,4.12,209
2021-03-16,121130668,2779785,67519154,50831729,467044,10621,263020,2.29,55.74,4.12,209
2021-03-17,121676387,2790375,67779880,51106132,545719,10590,260726,2.29,55.71,4.12,209
2021-03-18,122224324,2801095,68044987,51378242,547937,10720,265107,2.29,55.67,4.12,209
2021-03-19,122786865,2811914,68320606,51654345,562541,10819,275619,2.29,55.64,4.12,209
2021-03-20,123285313,2820701,68576004,51888608,498448,8787,255398,2.29,55.62,4.11,209
2021-03-21,123725777,2829255,68853339,52043183,440464,8554,277335,2.29,55.65,4.11,209
2021-03-22,124146966,2837222,69183588,52126156,423403,7967,330249,2.29,55.73,4.1,209
2021-03-23,124652821,2848679,69493185,52310957,505855,11457,309597,2.29,55.75,4.1,209
2021-03-24,125282530,2859352,69825144,52598034,631710,10673,331959,2.28,55.73,4.1,209
2021-03-25,125934719,2870906,70133098,52930715,652189,11554,307954,2.28,55.69,4.09,209
2021-03-26,126574756,2883679,70492983,53198094,640037,12773,359885,2.28,55.69,4.09,209
2021-03-27,127159301,2893890,70795182,53470229,584545,10211,302199,2.28,55.67,4.09,209
2021-03-28,127651955,2901175,71120894,53629886,492654,7285,325712,2.27,55.71,4.08,209
2021-03-29,128111229,2909840,71420582,53780807,459274,8665,299688,2.27,55.75,4.07,209
2021-03-30,128673436,2921744,71752456,53999236,562207,11904,331874,2.27,55.76,4.07,209
2021-03-31,129347340,2934672,72127901,54284767,673904,12928,375445,2.27,55.76,4.07,209
2021-04-01,130057168,2946975,72468083,54642110,709828,12303,340182,2.27,55.72,4.07,209
2021-04-02,130701971,2957622,72786626,54957723,644933,10647,318543,2.26,55.69,4.06,209
2021-04-03,131242327,2966962,73147398,55127967,541432,9340,360772,2.26,55.73,4.06,209
2021-04-04,131802249,2974391,73493647,55334211,559922,7429,346249,2.26,55.76,4.05,209
2021-04-05,132299238,2982645,73834559,55482034,497157,8254,340912,2.25,55.81,4.04,209
2021-04-06,132906734,2995102,74195598,55716034,607496,12457,361039,2.25,55.83,4.04,209
2021-04-07,133569891,3010465,74673211,55886215,663157,15363,477613,2.25,55.91,4.03,209
2021-04-08,134405948,3024770,75062521,56318657,836057,14305,389310,2.25,55.85,4.03,209
2021-04-09,135153272,3039116,75510116,56604040,752113,14346,447595,2.25,55.87,4.02,209
2021-04-10,135823917,3052124,75889987,56881806,670645,13008,379871,2.25,55.87,4.02,209
2021-04-11,136533523,3061246,76415032,57057245,709606,9122,525045,2.24,55.97,4.01,209
2021-04-12,137147366,3071152,76801347,57274867,613843,9906,386315,2.24,56.0,4.0,209
2021-04-13,137911188,3084948,77280858,57545382,763822,13796,479511,2.24,56.04,3.99,209
2021-04-14,138722509,3099042,77721017,57902450,811321,14094,440159,2.23,56.03,3.99,209
2021-04-15,139543746,3112700,78157511,58273535,821237,13658,436494,2.23,56.01,3.98,209
2021-04-16,140403592,3126079,78653921,58623592,859846,13379,496410,2.23,56.02,3.97,209
2021-04-17,141197583,3138694,79165577,58893312,794044,12615,511656,2.22,56.07,3.96,209
2021-04-18,141897690,3147830,79739020,59010840,700107,9136,573443,2.22,56.19,3.95,209
2021-04-19,142588620,3158964,80263066,59166590,690930,11134,524046,2.22,56.29,3.94,209
2021-04-20,143428112,3173258,80859766,59395088,839492,14294,596700,2.21,56.38,3.92,209
2021-04-21,144317348,3188013,81363098,59766237,889236,14755,503332,2.21,56.38,3.92,209
2021-04-22,145216755,3201936,81988463,60026356,899407,13923,625365,2.2,56.46,3.91,209
2021-04-23,146124416,3217196,82619020,60288200,907669,15260,630557,2.2,56.54,3.89,209
2021-04-24,146948639,3230328,83187734,60530577,824223,13132,568714,2.2,56.61,3.88,209
2021-04-25,147677119,3241101,83714286,60721732,728480,10773,526552,2.19,56.69,3.87,209
2021-04-26,148366161,3252734,84391032,60722395,689042,11633,676746,2.19,56.88,3.85,209
2021-04-27,149205273,3267735,85062051,60875487,839112,15001,671019,2.19,57.01,3.84,209
2021-04-28,150104084,3283681,85650071,61170332,898811,15946,588020,2.19,57.06,3.83,209
2021-04-29,150996771,3299409,86346419,61350943,892687,15728,696348,2.19,57.18,3.82,209
2021-04-30,151888138,3313832,87022998,61551308,891367,14423,676579,2.18,57.29,3.81,209
2021-05-01,152683043,3326871,87697985,61658187,794905,13039,674987,2.18,57.44,3.79,209
2021-05-02,153370312,3337197,88385250,61647865,687269,10326,687265,2.18,57.63,3.78,209
2021-05-03,154060757,3348882,89016541,61695334,690445,11685,631291,2.17,57.78,3.76,209
2021-05-04,154845717,3362974,89665133,61817610,784960,14092,648592,2.17,57.91,3.75,209
2021-05-05,155687722,3377879,90370582,61939261,842005,14905,705449,2.17,58.05,3.74,209
2021-05-06,156560560,3392455,91037534,62130571,872838,14576,666952,2.17,58.15,3.73,209
2021-05-07,157395385,3406921,91725576,62262888,834825,14466,688042,2.16,58.28,3.71,209
2021-05-08,158183686,3420250,92430503,62332933,788301,13329,704927,2.16,58.43,3.7,209
2021-05-09,158833090,3430724,93087286,62315080,649405,10474,656783,2.16,58.61,3.69,209
2021-05-10,159458731,3441816,93705300,62311615,625641,11092,618014,2.16,58.76,3.67,209
2021-05-11,160184536,3455987,94448366,62280183,725822,14171,743066,2.16,58.96,3.66,209
2021-05-12,160952026,3470127,95088044,62393855,767490,14140,639678,2.16,59.08,3.65,209
2021-05-13,161686720,3483567,95770935,62432218,734694,13440,682891,2.15,59.23,3.64,209
2021-05-14,162396288,3496595,96426825,62472868,709568,13028,655890,2.15,59.38,3.63,209
2021-05-15,163027896,3508879,97062961,62456056,631608,12284,636136,2.15,59.54,3.62,209
2021-05-16,163574515,3519181,97724634,62330700,546619,10302,661673,2.15,59.74,3.6,209
2021-05-17,164118046,3530511,98458837,62128698,543531,11330,734203,2.15,59.99,3.59,209
2021-05-18,164737676,3544588,99194433,61998655,621992,14077,735596,2.15,60.21,3.57,210
2021-05-19,165409733,3558045,99885243,61966445,672057,13457,690810,2.15,60.39,3.56,210
2021-05-20,165692042,3571224,100515390,61605428,631425,13179,630147,2.16,60.66,3.55,210
2021-05-21,166318515,3584202,101123650,61610663,626473,12978,608260,2.16,60.8,3.54,210
2021-05-22,166890875,3595647,101736143,61559085,572360,11445,612493,2.15,60.96,3.53,210
2021-05-23,167372494,3605509,102233883,61533102,481619,9862,497740,2.15,61.08,3.53,210
2021-05-24,167823568,3614659,102856235,61352674,451075,9150,622352,2.15,61.29,3.51,210
2021-05-25,168356975,3627642,103425881,61303452,533407,12983,569646,2.15,61.43,3.51,210
2021-05-26,168925419,3640448,103976554,61308417,568444,12806,550673,2.16,61.55,3.5,210
2021-05-27,169472312,3653388,104665090,61153834,546893,12940,688536,2.16,61.76,3.49,210
2021-05-28,169977821,3665409,105214725,61097687,505509,12021,549635,2.16,61.9,3.48,210
2021-05-29,170458245,3676217,105718170,61063858,480424,10808,503445,2.16,62.02,3.48,210
2021-05-30,170848190,3684617,106204438,60959135,389945,8400,486268,2.16,62.16,3.47,210
2021-05-31,171235244,3693313,106727875,60814056,387905,8696,523437,2.16,62.33,3.46,210
2021-06-01,171695243,3708527,107307311,60679405,459999,15214,579436,2.16,62.5,3.46,210
2021-06-02,172182865,3720448,107831755,60630662,487622,11921,524444,2.16,62.63,3.45,210
2021-06-03,172663374,3730608,108257358,60675408,480509,10160,425603,2.16,62.7,3.45,210
2021-06-04,173088271,3741268,108779711,60567292,424897,10660,522353,2.16,62.85,3.44,210
2021-06-05,173484923,3750679,109255481,60478763,396652,9411,475770,2.16,62.98,3.43,210
2021-06-06,173807903,3757985,109694585,60355333,322980,7306,439104,2.16,63.11,3.43,210
2021-06-07,174129669,3766063,110112930,60250676,321766,8078,418345,2.16,63.24,3.42,210
2021-06-08,174499788,3776718,110525267,60197803,370119,10655,412337,2.16,63.34,3.42,210
2021-06-09,174918080,3786901,110974997,60156182,418292,10183,449730,2.16,63.44,3.41,210
2021-06-10,175371588,3802882,111385811,60182895,453508,15981,410814,2.17,63.51,3.41,210
2021-06-11,175793633,3814622,111758885,60220126,422045,11740,373074,2.17,63.57,3.41,210
2021-06-12,176162012,3824431,112095963,60241618,368379,9809,337078,2.17,63.63,3.41,210
2021-06-13,176464810,3833702,112523990,60107118,302798,9271,428027,2.17,63.77,3.41,210
2021-06-14,176774111,3841696,112868175,60064240,309301,7994,344185,2.17,63.85,3.4,210
2021-06-15,177148868,3852447,113326220,59970201,374757,10751,458045,2.17,63.97,3.4,210
2021-06-16,177538039,3862529,113673467,60002043,389171,10082,347247,2.18,64.03,3.4,210
2021-06-17,177934034,3871828,114052096,60010110,395995,9299,378629,2.18,64.1,3.39,210
2021-06-18,178337539,3881022,114370079,60086438,403505,9194,317983,2.18,64.13,3.39,210
2021-06-19,178684836,3889103,114700540,60095193,347297,8081,330461,2.18,64.19,3.39,211
2021-06-20,178989594,3895970,114964579,60129045,304758,6867,264039,2.18,64.23,3.39,211
2021-06-21,179286248,3902953,115319584,60063711,296682,6983,355005,2.18,64.32,3.38,211
2021-06-22,179696462,3911941,115621558,60162963,410214,8988,301974,2.18,64.34,3.38,211
2021-06-23,180093089,3921287,116019921,60151881,396627,9346,398363,2.18,64.42,3.38,211
2021-06-24,180502351,3929946,116308471,60263934,409262,8659,288550,2.18,64.44,3.38,211
2021-06-25,180920028,3939180,116635987,60344861,417677,9234,327516,2.18,64.47,3.38,211
2021-06-26,181282939,3946723,116929684,60406532,362911,7543,293697,2.18,64.5,3.38,211
2021-06-27,181594171,3952817,117187414,60453940,311232,6094,257730,2.18,64.53,3.37,211
2021-06-28,181927187,3959378,117512621,60455188,333016,6561,325207,2.18,64.59,3.37,211
2021-06-29,182308391,3967538,117804917,60535936,381204,8160,292296,2.18,64.62,3.37,211
2021-06-30,182707861,3976744,118084819,60646298,399493,9206,279902,2.18,64.63,3.37,211
2021-07-01,183143402,3985285,118512248,60645869,435541,8541,427429,2.18,64.71,3.36,211
2021-07-02,183585748,3993658,118801595,60790495,442346,8373,289347,2.18,64.71,3.36,211
2021-07-03,183959576,4000559,119070829,60888188,373828,6901,269234,2.17,64.73,3.36,211
2021-07-04,184287314,4007199,119369348,60910767,327738,6640,298519,2.17,64.77,3.36,211
2021-07-05,184665226,4014591,119734505,60916130,377912,7392,365157,2.17,64.84,3.35,211
2021-07-06,185115752,4023075,120061473,61031204,450526,8484,326968,2.17,64.86,3.35,211
2021-07-07,185580992,4031629,120328904,61220459,465240,8554,267431,2.17,64.84,3.35,211
2021-07-08,186062884,4040548,120620979,61401357,481892,8919,292075,2.17,64.83,3.35,211
2021-07-09,186576115,4048964,120958765,61568386,513231,8416,337786,2.17,64.83,3.35,211
2021-07-10,186997220,4055528,121402650,61539042,421105,6564,443885,2.17,64.92,3.34,211
2021-07-11,187367106,4063161,121692083,61611862,369886,7633,289433,2.17,64.95,3.34,211
2021-07-12,187801260,4071306,121993125,61736829,434154,8145,301042,2.17,64.96,3.34,211
2021-07-13,188326895,4079689,122275731,61971475,525635,8383,282606,2.17,64.93,3.34,211
2021-07-14,188864874,4088283,122604819,62171772,537979,8594,329088,2.16,64.92,3.33,211
2021-07-15,189441311,4096919,122884974,62459418,576437,8636,280155,2.16,64.87,3.33,211
2021-07-16,190037234,4105680,123274984,62656570,595923,8761,390010,2.16,64.87,3.33,211
2021-07-17,190526100,4113190,123554284,62858626,488866,7510,279300,2.16,64.85,3.33,211
2021-07-18,190946291,4119792,123869971,62956528,420191,6602,315687,2.16,64.87,3.33,211
2021-07-19,191435734,4127018,124175952,63132764,489443,7226,305981,2.16,64.87,3.32,211
2021-07-20,191968123,4147720,124494199,63326204,532389,20702,318247,2.16,64.85,3.33,211
2021-07-21,192524217,4156386,124798740,63569091,556094,8666,304541,2.16,64.82,3.33,211
2021-07-22,193089408,4165167,125153383,63770858,565191,8781,354643,2.16,64.82,3.33,211
2021-07-23,193817546,4173498,125397671,64246377,728138,8331,244288,2.15,64.7,3.33,211
2021-07-24,194249476,4182162,125914388,64152926,491305,8664,516717,2.15,64.82,3.32,211
2021-07-25,194695060,4189542,126241406,64264112,445584,7380,327018,2.15,64.84,3.32,211
2021-07-26,195235661,4198048,126539035,64498578,540601,8506,297629,2.15,64.81,3.32,211
2021-07-27,195841964,4207838,126883356,64750770,606303,9790,344321,2.15,64.79,3.32,211
2021-07-28,196491993,4217963,127219242,65054788,650029,10125,335886,2.15,64.75,3.32,211
2021-07-29,197134930,4228228,127566457,65340245,642937,10265,347215,2.14,64.71,3.31,211
2021-07-30,197867286,4237831,127872439,65757016,732356,9603,305982,2.14,64.63,3.31,211
2021-07-31,198384629,4246674,128175873,65962082,517343,8843,303434,2.14,64.61,3.31,211
2021-08-01,198867659,4254091,128462407,66151161,483030,7417,286534,2.14,64.6,3.31,211
2021-08-02,199438733,4262213,128740461,66436059,571074,8122,278054,2.14,64.55,3.31,211
2021-08-03,200072967,4272566,129043038,66757363,634234,10353,302577,2.14,64.5,3.31,211
2021-08-04,200753432,4283055,129355146,67115231,680465,10489,312108,2.13,64.43,3.31,211
2021-08-05,201439037,4294046,0,197144991,685605,10991,-129355146,2.13,0.0,inf,211
2021-08-06,202258543,4304519,0,197954024,819506,10473,0,2.13,0.0,inf,211
2021-08-07,202819819,4313191,0,198506628,561276,8672,0,2.13,0.0,inf,211
2021-08-08,203287484,4320683,0,198966801,467665,7492,0,2.13,0.0,inf,211
2021-08-09,203906529,4329509,0,199577020,619045,8826,0,2.12,0.0,inf,211
2021-08-10,204552287,4341037,0,200211250,645758,11528,0,2.12,0.0,inf,211
2021-08-11,205282963,4351560,0,200931403,730676,10523,0,2.12,0.0,inf,211
2021-08-12,205988772,4362073,0,201626699,705809,10513,0,2.12,0.0,inf,211
2021-08-13,206790595,4372544,0,202418051,801823,10471,0,2.11,0.0,inf,211
2021-08-14,207343553,4381277,0,202962276,552958,8733,0,2.11,0.0,inf,211
2021-08-15,207810196,4388724,0,203421472,466643,7447,0,2.11,0.0,inf,211
2021-08-16,208474497,4398582,0,204075915,664301,9858,0,2.11,0.0,inf,211
2021-08-17,209157143,4409289,0,204747854,682646,10707,0,2.11,0.0,inf,211
2021-08-18,209892808,4420109,0,205472699,735665,10820,0,2.11,0.0,inf,211
2021-08-19,210604438,4431562,0,206172876,711630,11453,0,2.1,0.0,inf,211
2021-08-20,211389780,4442063,0,206947717,785342,10501,0,2.1,0.0,inf,211
2021-08-21,211948829,4450983,0,207497846,559049,8920,0,2.1,0.0,inf,211
2021-08-22,212396845,4458763,0,207938082,448016,7780,0,2.1,0.0,inf,212
2021-08-23,213080974,4468817,0,208612157,684129,10054,0,2.1,0.0,inf,212
2021-08-24,213757714,4479840,0,209277874,676740,11023,0,2.1,0.0,inf,212
2021-08-25,214495158,4491157,0,210004001,737444,11317,0,2.09,0.0,inf,212
2021-08-26,215231679,4502752,0,210728927,736521,11595,0,2.09,0.0,inf,212
2021-08-27,215982818,4513163,0,211469655,751139,10411,0,2.09,0.0,inf,212
2021-08-28,216540044,4521597,0,212018447,557226,8434,0,2.09,0.0,inf,212
2021-08-29,216986819,4528421,0,212458398,446775,6824,0,2.09,0.0,inf,212
2021-08-30,217658619,4537990,0,213120629,671800,9569,0,2.08,0.0,inf,212
2021-08-31,218279248,4547307,0,213731941,620629,9317,0,2.08,0.0,inf,212
2021-09-01,218998410,4559729,0,214438681,719162,12422,0,2.08,0.0,inf,212
2021-09-02,219675207,4570936,0,215104271,678504,11207,0,2.08,0.0,inf,212
2021-09-03,220398823,4581662,0,215817161,723616,10726,0,2.08,0.0,inf,212
2021-09-04,220895535,4589429,0,216306106,496712,7767,0,2.08,0.0,inf,212
2021-09-05,221342427,4596006,0,216746421,446892,6577,0,2.08,0.0,inf,212
2021-09-06,221820141,4604163,0,217215978,477727,8157,0,2.08,0.0,inf,212
2021-09-07,222476581,4614629,0,217861952,656440,10466,0,2.07,0.0,inf,212
2021-09-08,223114242,4624727,0,218489515,637661,10098,0,2.07,0.0,inf,212
2021-09-09,223754515,4635477,0,219119038,640273,10750,0,2.07,0.0,inf,212
2021-09-10,224413231,4644662,0,219768569,658716,9185,0,2.07,0.0,inf,212
2021-09-11,224881742,4653031,0,220228711,468511,8369,0,2.07,0.0,inf,212
2021-09-12,225253090,4658695,0,220594395,371348,5664,0,2.07,0.0,inf,212
2021-09-13,225830965,4667857,0,221163108,577875,9162,0,2.07,0.0,inf,212
2021-09-14,226380779,4677767,0,221703012,549814,9910,0,2.07,0.0,inf,212
2021-09-15,226947718,4688200,0,222259518,568115,10433,0,2.07,0.0,inf,212
2021-09-16,227535121,4698720,0,222836401,587403,10520,0,2.07,0.0,inf,212
2021-09-17,228158356,4707775,0,223450581,623235,9055,0,2.06,0.0,inf,212
2021-09-18,228682224,4714264,0,223967960,523868,6489,0,2.06,0.0,inf,212
2021-09-19,229045590,4720358,0,224325232,363366,6094,0,2.06,0.0,inf,212
2021-09-20,229575750,4728730,0,224847020,530160,8372,0,2.06,0.0,inf,212
2021-09-21,230064446,4738090,0,225326356,488696,9360,0,2.06,0.0,inf,212
2021-09-22,230599475,4747813,0,225851662,535029,9723,0,2.06,0.0,inf,212
2021-09-23,231147105,4757661,0,226389444,547630,9848,0,2.06,0.0,inf,212
2021-09-24,231696357,4766359,0,226929998,549252,8698,0,2.06,0.0,inf,212
2021-09-25,232070355,4771837,0,227298518,374121,5478,0,2.06,0.0,inf,212
2021-09-26,232426135,4777367,0,227648768,355780,5530,0,2.06,0.0,inf,212
2021-09-27,232908854,4785147,0,228123707,482719,7780,0,2.05,0.0,inf,212
2021-09-28,233359801,4794524,0,228565277,450947,9377,0,2.05,0.0,inf,212
2021-09-29,233850815,4803819,0,229046996,491048,9295,0,2.05,0.0,inf,212
2021-09-30,234340710,4812697,0,229528013,489895,8878,0,2.05,0.0,inf,212
2021-10-01,234862706,4821331,0,230041375,521996,8634,0,2.05,0.0,inf,212
2021-10-02,235213364,4827247,0,230386117,350658,5916,0,2.05,0.0,inf,212
2021-10-03,235522381,4831607,0,230690774,309017,4360,0,2.05,0.0,inf,212
2021-10-04,235969406,4838847,0,231130559,447025,7240,0,2.05,0.0,inf,212
2021-10-05,236392211,4846219,0,231545992,422805,7372,0,2.05,0.0,inf,212
2021-10-06,236899274,4855353,0,232043921,507063,9134,0,2.05,0.0,inf,212
2021-10-07,237361091,4864314,0,232496777,461817,8961,0,2.05,0.0,inf,212
2021-10-08,237836503,4871874,0,232964629,475412,7560,0,2.05,0.0,inf,212
2021-10-09,238176709,4876698,0,233300011,340206,4824,0,2.05,0.0,inf,212
2021-10-10,238493118,4881456,0,233611662,316409,4758,0,2.05,0.0,inf,212
2021-10-11,238881063,4887420,0,233993643,387945,5964,0,2.05,0.0,inf,212
2021-10-12,239319245,4895398,0,234423847,438182,7978,0,2.05,0.0,inf,212
2021-10-13,239775728,4904303,0,234871425,456483,8905,0,2.05,0.0,inf,212
2021-10-14,240229100,4912312,0,235316788,454468,8009,0,2.04,0.0,inf,212
2021-10-15,240687094,4919518,0,235767576,457994,7206,0,2.04,0.0,inf,212
2021-10-16,241028446,4924861,0,236103585,341352,5343,0,2.04,0.0,inf,212
2021-10-17,241341718,4929221,0,236412497,313272,4360,0,2.04,0.0,inf,212
2021-10-18,241769483,4935821,0,236833662,427766,6600,0,2.04,0.0,inf,212
2021-10-19,242201042,4943808,0,237257234,431559,7987,0,2.04,0.0,inf,212
2021-10-20,242677371,4952477,0,237724894,476329,8669,0,2.04,0.0,inf,212
2021-10-21,243139419,4960239,0,238179180,462048,7762,0,2.04,0.0,inf,212
2021-10-22,243632250,4968409,0,238663841,492831,8170,0,2.04,0.0,inf,212
2021-10-23,244002501,4974295,0,239028206,370251,5886,0,2.04,0.0,inf,212
2021-10-24,244311680,4978935,0,239332745,309179,4640,0,2.04,0.0,inf,212
2021-10-25,244764049,4985837,0,239778212,452379,6902,0,2.04,0.0,inf,212
2021-10-26,245190503,4993580,0,240196923,426454,7743,0,2.04,0.0,inf,212
2021-10-27,245704508,5002724,0,240701784,514005,9144,0,2.04,0.0,inf,212
2021-10-28,246187550,5011657,0,241175893,483042,8933,0,2.04,0.0,inf,212
2021-10-29,246681702,5019477,0,241662225,494152,7820,0,2.03,0.0,inf,213
2021-10-30,247056263,5025479,0,242030784,374561,6002,0,2.03,0.0,inf,213
2021-10-31,247405082,5030114,0,242374968,348819,4635,0,2.03,0.0,inf,213
2021-11-01,247862699,5036604,0,242826095,457617,6490,0,2.03,0.0,inf,213
2021-11-02,248267104,5043661,0,243223443,404405,7057,0,2.03,0.0,inf,213
2021-11-03,248791906,5052126,0,243739780,524802,8465,0,2.03,0.0,inf,213
2021-11-04,249309403,5059696,0,244249707,517497,7570,0,2.03,0.0,inf,213
2021-11-05,249833662,5068281,0,244765381,524259,8585,0,2.03,0.0,inf,213
2021-11-06,250239414,5074923,0,245164491,405752,6642,0,2.03,0.0,inf,213
2021-11-07,250580084,5079538,0,245500546,340670,4615,0,2.03,0.0,inf,213
2021-11-08,251105073,5086361,0,246018712,524989,6823,0,2.03,0.0,inf,213
2021-11-09,251574436,5094366,0,246480070,469363,8005,0,2.02,0.0,inf,213
2021-11-10,252148004,5102636,0,247045368,573616,8270,0,2.02,0.0,inf,213
2021-11-11,252668764,5110309,0,247558455,521167,7673,0,2.02,0.0,inf,213
2021-11-12,253268463,5119310,0,248149153,599699,9001,0,2.02,0.0,inf,213
2021-11-13,253664196,5125599,0,248538597,395733,6289,0,2.02,0.0,inf,213
2021-11-14,254012432,5130326,0,248882106,348236,4727,0,2.02,0.0,inf,213
2021-11-15,254613981,5137450,0,249476531,601549,7124,0,2.02,0.0,inf,213
2021-11-16,255120845,5145065,0,249975780,506864,7615,0,2.02,0.0,inf,213
2021-11-17,255736099,5154226,0,250581873,615254,9161,0,2.02,0.0,inf,213
2021-11-18,256357759,5162516,0,251195243,621660,8290,0,2.01,0.0,inf,213
2021-11-19,256972374,5170497,0,251801877,614615,7981,0,2.01,0.0,inf,213
2021-11-20,257410353,5176525,0,252233828,437979,6028,0,2.01,0.0,inf,213
2021-11-21,257790095,5181162,0,252608933,379742,4637,0,2.01,0.0,inf,213
2021-11-22,258494714,5188617,0,253306097,704619,7455,0,2.01,0.0,inf,213
2021-11-23,259087237,5196636,0,253890601,593672,8019,0,2.01,0.0,inf,213
2021-11-24,259745147,5205205,0,254539942,657910,8569,0,2.0,0.0,inf,213
2021-11-25,260342390,5213059,0,255129331,597243,7854,0,2.0,0.0,inf,213
2021-11-26,260956039,5219954,0,255736085,613649,6895,0,2.0,0.0,inf,213
2021-11-27,261374761,5225819,0,256148942,418722,5865,0,2.0,0.0,inf,213
2021-11-28,261764488,5230721,0,256533767,389727,4902,0,2.0,0.0,inf,213
2021-11-29,262506749,5238649,0,257268100,742261,7928,0,2.0,0.0,inf,213
2021-11-30,263107114,5246679,0,257860435,600365,8030,0,1.99,0.0,inf,213
2021-12-01,263809490,5255927,0,258553563,702376,9248,0,1.99,0.0,inf,213
2021-12-02,264516991,5266034,0,259250957,707501,10107,0,1.99,0.0,inf,213
2021-12-03,265247741,5274625,0,259973116,730750,8591,0,1.99,0.0,inf,213
2021-12-04,265719962,5280141,0,260439821,472221,5516,0,1.99,0.0,inf,213
2021-12-05,266139745,5287559,0,260852186,419783,7418,0,1.99,0.0,inf,213
2021-12-06,266843475,5295021,0,261548454,703764,7462,0,1.98,0.0,inf,213
2021-12-07,267482654,5302749,0,262179905,639179,7728,0,1.98,0.0,inf,213
2021-12-08,268193953,5311046,0,262882907,711299,8297,0,1.98,0.0,inf,213
2021-12-09,268892266,5319616,0,263572650,698313,8570,0,1.98,0.0,inf,213
2021-12-10,269585795,5327632,0,264258163,693561,8016,0,1.98,0.0,inf,213
2021-12-11,270052648,5333467,0,264719181,466936,5835,0,1.97,0.0,inf,213
2021-12-12,270479170,5338059,0,265141111,426522,4592,0,1.97,0.0,inf,213
2021-12-13,271173071,5344997,0,265828074,693901,6938,0,1.97,0.0,inf,213
2021-12-14,271809809,5352736,0,266457073,636738,7739,0,1.97,0.0,inf,214
2021-12-15,272549948,5361765,0,267188183,740139,9029,0,1.97,0.0,inf,214
2021-12-16,273294106,5369111,0,267924995,744158,7346,0,1.96,0.0,inf,214
2021-12-17,274061639,5376411,0,268685228,767533,7300,0,1.96,0.0,inf,214
2021-12-18,274591568,5382080,0,269209488,529929,5669,0,1.96,0.0,inf,214
2021-12-19,275076498,5386427,0,269690071,484930,4347,0,1.96,0.0,inf,214
2021-12-20,275886563,5393711,0,270492852,810065,7284,0,1.96,0.0,inf,214
2021-12-21,276645175,5401269,0,271243906,758654,7558,0,1.95,0.0,inf,214
2021-12-22,277559566,5411641,0,272147925,914432,10372,0,1.95,0.0,inf,214
2021-12-23,278571556,5418900,0,273152656,1011990,7259,0,1.95,0.0,inf,214
2021-12-24,279427591,5424594,0,274002997,856064,5694,0,1.94,0.0,inf,214
2021-12-25,280109539,5428905,0,274680634,681948,4311,0,1.94,0.0,inf,214
2021-12-26,280685414,5432735,0,275252679,575902,3830,0,1.94,0.0,inf,214
2021-12-27,282027012,5439705,0,276587307,1341598,6970,0,1.93,0.0,inf,214
2021-12-28,283363293,5447389,0,277915904,1336281,7684,0,1.92,0.0,inf,214
2021-12-29,285067989,5455343,0,279612646,1704696,7954,0,1.91,0.0,inf,214
2021-12-30,287017935,5462765,0,281555170,1949946,7422,0,1.9,0.0,inf,214
2021-12-31,288720825,5469124,0,283251701,1702890,6359,0,1.89,0.0,inf,214
2022-01-01,289923844,5473386,0,284450458,1203019,4262,0,1.89,0.0,inf,214
2022-01-02,290842387,5476728,0,285365659,918543,3342,0,1.88,0.0,inf,214
2022-01-03,293180680,5482541,0,287698139,2338299,5813,0,1.87,0.0,inf,214
2022-01-04,295793877,5491230,0,290302647,2613197,8689,0,1.86,0.0,inf,214
2022-01-05,298377358,5499007,0,292878351,2583481,7777,0,1.84,0.0,inf,214
2022-01-06,301046157,5506616,0,295539541,2668799,7609,0,1.83,0.0,inf,214
2022-01-07,303999384,5513863,0,298485521,2953227,7247,0,1.81,0.0,inf,214
2022-01-08,306135768,5519069,0,300616699,2136384,5206,0,1.8,0.0,inf,214
2022-01-09,308140795,5523127,0,302617668,2005027,4058,0,1.79,0.0,inf,214
2022-01-10,311392205,5530042,0,305862163,3251410,6915,0,1.78,0.0,inf,214
2022-01-11,314422184,5539148,0,308883036,3029982,9106,0,1.76,0.0,inf,214
2022-01-12,317868402,5548173,0,312320229,3446218,9025,0,1.75,0.0,inf,214
2022-01-13,321055092,5556403,0,315498689,3186690,8230,0,1.73,0.0,inf,214
2022-01-14,324371027,5564372,0,318806655,3315935,7969,0,1.72,0.0,inf,214
2022-01-15,326798488,5570501,0,321227987,2427461,6129,0,1.7,0.0,inf,214
2022-01-16,328969570,5575010,0,323394560,2171082,4509,0,1.69,0.0,inf,214
2022-01-17,331747274,5581516,0,326165758,2777704,6506,0,1.68,0.0,inf,214
2022-01-18,335511728,5590622,0,329921106,3764454,9106,0,1.67,0.0,inf,214
2022-01-19,339594559,5600553,0,333994006,4082831,9931,0,1.65,0.0,inf,214
2022-01-20,343328494,5610195,0,337718299,3733935,9642,0,1.63,0.0,inf,214
2022-01-21,347158893,5620161,0,341538732,3830399,9966,0,1.62,0.0,inf,214
2022-01-22,349807534,5626182,0,344181352,2648641,6021,0,1.61,0.0,inf,214
2022-01-23,352189883,5631348,0,346558535,2382349,5166,0,1.6,0.0,inf,215
2022-01-24,355824101,5640264,0,350183837,3634218,8916,0,1.59,0.0,inf,215
2022-01-25,359478421,5650746,0,353827675,3654320,10482,0,1.57,0.0,inf,215
2022-01-26,363239871,5661462,0,357578409,3761450,10716,0,1.56,0.0,inf,215
2022-01-27,366939613,5671767,0,361267846,3699742,10305,0,1.55,0.0,inf,215
2022-01-28,370618487,5684114,0,364934373,3678874,12347,0,1.53,0.0,inf,215
2022-01-29,373181411,5692004,0,367489407,2562924,7890,0,1.53,0.0,inf,215
2022-01-30,375357869,5697553,0,369660316,2176458,5549,0,1.52,0.0,inf,215
2022-01-31,379218334,5707988,0,373510346,3888865,10435,0,1.51,0.0,inf,215
2022-02-01,382348111,5720674,0,376627437,3129777,12686,0,1.5,0.0,inf,215
2022-02-02,385532951,5732563,0,379800388,3184840,11889,0,1.49,0.0,inf,215
2022-02-03,388727040,5744202,0,382982838,3194089,11639,0,1.48,0.0,inf,215
2022-02-04,391682663,5757366,0,385925297,2955623,13164,0,1.47,0.0,inf,215
2022-02-05,393786006,5765578,0,388020428,2103343,8212,0,1.46,0.0,inf,215
2022-02-06,395548528,5771552,0,389776976,1762522,5974,0,1.46,0.0,inf,215
2022-02-07,398523222,5782674,0,392740548,2974694,11122,0,1.45,0.0,inf,215
2022-02-08,401123054,5795468,0,395327586,2599832,12794,0,1.44,0.0,inf,215
2022-02-09,403556079,5808596,0,397747483,2465066,13128,0,1.44,0.0,inf,215
2022-02-10,406370320,5820475,0,400549845,2814241,11879,0,1.43,0.0,inf,215
2022-02-11,408795261,5832457,0,402962804,2424941,11982,0,1.43,0.0,inf,215
2022-02-12,410520188,5841103,0,404679085,1724927,8646,0,1.42,0.0,inf,215
2022-02-13,411925988,5846374,0,406079614,1405800,5271,0,1.42,0.0,inf,215
2022-02-14,413969133,5857608,0,408111525,2043145,11234,0,1.41,0.0,inf,215
2022-02-15,415840011,5868263,0,409971748,1876410,10655,0,1.41,0.0,inf,215
2022-02-16,418079802,5881373,0,412198429,2242365,13110,0,1.41,0.0,inf,215
2022-02-17,420142744,5893586,0,414249158,2062942,12213,0,1.4,0.0,inf,215
2022-02-18,422126218,5904225,0,416221993,1983474,10639,0,1.4,0.0,inf,215
2022-02-19,423603164,5912581,0,417690583,1476946,8356,0,1.4,0.0,inf,215
2022-02-20,424796655,5917958,0,418878697,1193491,5377,0,1.39,0.0,inf,215
2022-02-21,426502484,5925520,0,420576964,1705829,7562,0,1.39,0.0,inf,215
2022-02-22,428176241,5935572,0,422240669,1673757,10052,0,1.39,0.0,inf,215
2022-02-23,430093734,5947559,0,424146175,1917493,11987,0,1.38,0.0,inf,215
2022-02-24,431881649,5958368,0,425923281,1787915,10809,0,1.38,0.0,inf,215
2022-02-25,433535946,5967436,0,427568510,1654297,9068,0,1.38,0.0,inf,215
2022-02-26,434809874,5973976,0,428835898,1273928,6540,0,1.37,0.0,inf,215
2022-02-27,435862010,5978674,0,429883336,1052153,4698,0,1.37,0.0,inf,215
2022-02-28,437470984,5986353,0,431484631,1608974,7679,0,1.37,0.0,inf,215
2022-03-01,439069680,5994828,0,433074852,1598696,8475,0,1.37,0.0,inf,215
2022-03-02,440729575,6003002,0,434726573,1659895,8174,0,1.36,0.0,inf,215
2022-03-03,442504770,6011176,0,436493594,1775195,8174,0,1.36,0.0,inf,215
2022-03-04,444267231,6019892,0,438247339,1762474,8716,0,1.36,0.0,inf,215
2022-03-05,445557520,6025533,0,439531987,1290289,5641,0,1.35,0.0,inf,215
2022-03-06,446667246,6029759,0,440637487,1109726,4226,0,1.35,0.0,inf,215
2022-03-07,448408915,6037624,0,442371291,1741669,7865,0,1.35,0.0,inf,215
2022-03-08,449993327,6044512,0,443948815,1584412,6888,0,1.34,0.0,inf,215
2022-03-09,451983613,6052708,0,445930905,1990286,8196,0,1.34,0.0,inf,215
2022-03-10,453854728,6060243,0,447794485,1871458,7535,0,1.34,0.0,inf,215
2022-03-11,455727409,6066452,0,449660957,1873081,6209,0,1.33,0.0,inf,215
2022-03-12,457288077,6071182,0,451216895,1560668,4730,0,1.33,0.0,inf,215
2022-03-13,458425693,6074733,0,452350960,1137616,3551,0,1.33,0.0,inf,215
2022-03-14,460423836,6080348,0,454343488,1998146,5615,0,1.32,0.0,inf,215
2022-03-15,462233157,6085966,0,456147191,1809321,5618,0,1.32,0.0,inf,215
2022-03-16,464472027,6092855,0,458379172,2238870,6889,0,1.31,0.0,inf,215
2022-03-17,466549941,6099940,0,460450001,2077914,7085,0,1.31,0.0,inf,215
2022-03-18,468441539,6105468,0,462336071,1891598,5528,0,1.3,0.0,inf,215
2022-03-19,469920914,6109322,0,463811592,1479375,3854,0,1.3,0.0,inf,215
2022-03-20,470881731,6112648,0,464769083,960817,3326,0,1.3,0.0,inf,215
2022-03-21,472761733,6129013,0,466632720,1880002,16365,0,1.3,0.0,inf,215
2022-03-22,474738967,6134089,0,468604878,1977238,5076,0,1.29,0.0,inf,215
2022-03-23,476542881,6140074,0,470402807,1803914,5985,0,1.29,0.0,inf,215
2022-03-24,478327149,6145343,0,472181806,1784273,5269,0,1.28,0.0,inf,215
2022-03-25,480086749,6154293,0,473932456,1759600,8950,0,1.28,0.0,inf,215
2022-03-26,481211051,6157112,0,475053939,1124302,2819,0,1.28,0.0,inf,215
2022-03-27,482061782,6159747,0,475902035,850731,2635,0,1.28,0.0,inf,215
2022-03-28,483906017,6164028,0,477741989,1844235,4281,0,1.27,0.0,inf,215
2022-03-29,485657753,6168701,0,479489052,1751736,4673,0,1.27,0.0,inf,215
2022-03-30,487255380,6173629,0,481081751,1597627,4928,0,1.27,0.0,inf,215
2022-03-31,488818597,6178124,0,482640473,1563217,4495,0,1.26,0.0,inf,215
2022-04-01,490237557,6182999,0,484054558,1418960,4875,0,1.26,0.0,inf,215
2022-04-02,491110185,6185571,0,484924614,872628,2572,0,1.26,0.0,inf,215
2022-04-03,491803304,6187465,0,485615839,693119,1894,0,1.26,0.0,inf,215
2022-04-04,493036371,6190851,0,486845520,1233067,3386,0,1.26,0.0,inf,216
2022-04-05,494401761,6195020,0,488206741,1365390,4169,0,1.25,0.0,inf,216
2022-04-06,495621704,6199343,0,489422361,1219943,4323,0,1.25,0.0,inf,216
2022-04-07,496900059,6203664,0,490696395,1278355,4321,0,1.25,0.0,inf,216
2022-04-08,498074360,6207591,0,491866769,1174301,3927,0,1.25,0.0,inf,216
2022-04-09,498816614,6209935,0,492606679,742254,2344,0,1.24,0.0,inf,216
2022-04-10,499378235,6211707,0,493166528,561621,1772,0,1.24,0.0,inf,216
2022-04-11,500364568,6214560,0,494150008,986461,2853,0,1.24,0.0,inf,216
2022-04-12,501483817,6217840,0,495265977,1119249,3280,0,1.24,0.0,inf,216
2022-04-13,502558846,6221912,0,496336934,1075059,4072,0,1.24,0.0,inf,216
2022-04-14,503521451,6225473,0,497295978,965473,3561,0,1.24,0.0,inf,216
2022-04-15,504180450,6227946,0,497952504,667045,2473,0,1.24,0.0,inf,216
2022-04-16,504734897,6229556,0,498505341,554447,1610,0,1.23,0.0,inf,216
2022-04-17,505142658,6231090,0,498911568,407761,1534,0,1.23,0.0,inf,216
2022-04-18,505599909,6232656,0,499367253,457251,1566,0,1.23,0.0,inf,216
2022-04-19,506617848,6235672,0,500382176,1018212,3016,0,1.23,0.0,inf,216
2022-04-20,507579564,6239853,0,501339711,962500,4181,0,1.23,0.0,inf,216
2022-04-21,508501251,6242943,0,502258308,921687,3090,0,1.23,0.0,inf,216
2022-04-22,509332771,6245706,0,503087065,831520,2763,0,1.23,0.0,inf,216
2022-04-23,509811537,6247308,0,503564229,478766,1602,0,1.23,0.0,inf,216
2022-04-24,510176880,6248474,0,503928406,365343,1166,0,1.22,0.0,inf,216
2022-04-25,510813808,6250612,0,504563196,636928,2138,0,1.22,0.0,inf,216
2022-04-26,511592763,6254891,0,505337872,778955,4279,0,1.22,0.0,inf,216
2022-04-27,512277140,6258019,0,506019121,684377,3128,0,1.22,0.0,inf,216
2022-04-28,513036421,6261020,0,506775401,759306,3001,0,1.22,0.0,inf,216
2022-04-29,513680864,6263558,0,507417306,644443,2538,0,1.22,0.0,inf,216
2022-04-30,514034585,6265022,0,507769563,353721,1464,0,1.22,0.0,inf,216
2022-05-01,514343998,6266223,0,508077775,309413,1201,0,1.22,0.0,inf,216
2022-05-02,514791461,6267960,0,508523501,447463,1737,0,1.22,0.0,inf,216
2022-05-03,515463470,6270152,0,509193318,672409,2192,0,1.22,0.0,inf,216
2022-05-04,516090942,6273887,0,509817055,627472,3735,0,1.22,0.0,inf,216
2022-05-05,516690578,6276126,0,510414452,599636,2239,0,1.21,0.0,inf,216
2022-05-06,517321476,6278258,0,511043218,630898,2132,0,1.21,0.0,inf,216
2022-05-07,517660796,6279412,0,511381384,339320,1154,0,1.21,0.0,inf,216
2022-05-08,517939634,6280253,0,511659381,278838,841,0,1.21,0.0,inf,216
2022-05-09,518630034,6282138,0,512347896,690400,1885,0,1.21,0.0,inf,216
2022-05-10,519271299,6284142,0,512987157,641265,2004,0,1.21,0.0,inf,216
2022-05-11,519965987,6286368,0,513679619,694688,2226,0,1.21,0.0,inf,216
2022-05-12,520618627,6288363,0,514330264,652640,1995,0,1.21,0.0,inf,216
2022-05-13,521191589,6290245,0,514901344,572962,1882,0,1.21,0.0,inf,216
2022-05-14,521630270,6291209,0,515339061,438681,964,0,1.21,0.0,inf,217
2022-05-15,522003914,6291986,0,515711928,373644,777,0,1.21,0.0,inf,217
2022-05-16,522594344,6293564,0,516300780,591337,1578,0,1.2,0.0,inf,217
2022-05-17,523202681,6295423,0,516907258,608628,1859,0,1.2,0.0,inf,217
2022-05-18,523963309,6297783,0,517665526,760628,2360,0,1.2,0.0,inf,217
2022-05-19,524559378,6299516,0,518259862,597625,1733,0,1.2,0.0,inf,217
2022-05-20,525185493,6301514,0,518883979,626115,1998,0,1.2,0.0,inf,217
2022-05-21,525552605,6302607,0,519249998,367112,1093,0,1.2,0.0,inf,217
2022-05-22,525868605,6303217,0,519565388,328056,610,0,1.2,0.0,inf,217
2022-05-23,526361575,6304779,0,520056796,522623,1562,0,1.2,0.0,inf,218
2022-05-24,526956180,6306431,0,520649749,594605,1652,0,1.2,0.0,inf,218
2022-05-25,527600126,6309043,0,521291083,643946,2612,0,1.2,0.0,inf,218
2022-05-26,528102873,6310475,0,521792398,507255,1432,0,1.19,0.0,inf,218
2022-05-27,528672521,6312448,0,522360073,569648,1973,0,1.19,0.0,inf,218
2022-05-28,529001475,6313285,0,522688190,328954,837,0,1.19,0.0,inf,218
2022-05-29,529278102,6313902,0,522964200,276627,617,0,1.19,0.0,inf,218
2022-05-30,529622387,6315011,0,523307376,344285,1109,0,1.19,0.0,inf,218
2022-05-31,530247896,6316533,0,523931363,625509,1522,0,1.19,0.0,inf,218
2022-06-01,530946304,6318545,0,524627759,698408,2012,0,1.19,0.0,inf,218
2022-06-02,531477068,6320231,0,525156837,530764,1686,0,1.19,0.0,inf,218
2022-06-03,532020628,6321760,0,525698868,543560,1529,0,1.19,0.0,inf,218
2022-06-04,532273621,6322452,0,525951169,252993,692,0,1.19,0.0,inf,218
2022-06-05,532536512,6323265,0,526213247,262891,813,0,1.19,0.0,inf,218
2022-06-06,532971294,6324229,0,526647065,434782,964,0,1.19,0.0,inf,218
2022-06-07,533583202,6326243,0,527256959,611908,2014,0,1.19,0.0,inf,218
2022-06-08,534289794,6328813,0,527960981,706592,2570,0,1.18,0.0,inf,218
2022-06-09,534854823,6330368,0,528524455,565029,1555,0,1.18,0.0,inf,218
2022-06-10,535411635,6332066,0,529079569,556812,1698,0,1.18,0.0,inf,218
2022-06-11,535695266,6332988,0,529362278,283727,922,0,1.18,0.0,inf,218
2022-06-12,535893403,6333564,0,529559839,198137,576,0,1.18,0.0,inf,218
2022-06-13,536421385,6335252,0,530086133,527982,1688,0,1.18,0.0,inf,218
2022-06-14,537278453,6337089,0,530941364,857068,1837,0,1.18,0.0,inf,218
2022-06-15,538000542,6339090,0,531661452,722089,2001,0,1.18,0.0,inf,218
2022-06-16,538583362,6340953,0,532242409,582820,1863,0,1.18,0.0,inf,218
2022-06-17,539116410,6342212,0,532774198,533048,1259,0,1.18,0.0,inf,218
2022-06-18,539344895,6342857,0,533002038,228485,645,0,1.18,0.0,inf,218
2022-06-19,539613307,6343537,0,533269770,268412,680,0,1.18,0.0,inf,218
2022-06-20,540368482,6345059,0,534023423,755175,1522,0,1.17,0.0,inf,218
2022-06-21,541184701,6346793,0,534837908,816219,1734,0,1.17,0.0,inf,218
2022-06-22,541990508,6348819,0,535641689,805807,2026,0,1.17,0.0,inf,218
2022-06-23,542774119,6350632,0,536423487,783611,1813,0,1.17,0.0,inf,218
2022-06-24,543551416,6352404,0,537199012,777297,1772,0,1.17,0.0,inf,218
2022-06-25,543868137,6353201,0,537514936,316721,797,0,1.17,0.0,inf,218
2022-06-26,544154716,6353864,0,537800852,286579,663,0,1.17,0.0,inf,218
2022-06-27,545027407,6355335,0,538672072,872691,1471,0,1.17,0.0,inf,218
2022-06-28,545969398,6357266,0,539612132,941991,1931,0,1.16,0.0,inf,218
2022-06-29,546902314,6359093,0,540543221,932916,1827,0,1.16,0.0,inf,218
2022-06-30,547980423,6360483,0,541619940,1078109,1390,0,1.16,0.0,inf,218
2022-07-01,548931613,6362351,0,542569262,951190,1868,0,1.16,0.0,inf,218
2022-07-02,549290816,6363179,0,542927637,359203,828,0,1.16,0.0,inf,218
2022-07-03,549649085,6363913,0,543285172,358269,734,0,1.16,0.0,inf,218
2022-07-04,550501003,6365062,0,544135941,851918,1149,0,1.16,0.0,inf,218
2022-07-05,551706721,6367271,0,545339450,1205718,2209,0,1.15,0.0,inf,218
2022-07-06,552932125,6369611,0,546562514,1225404,2340,0,1.15,0.0,inf,218
2022-07-07,553985268,6372317,0,547612951,1053143,2706,0,1.15,0.0,inf,218
2022-07-08,554991933,6374604,0,548617329,1006665,2287,0,1.15,0.0,inf,218
2022-07-09,555495465,6375645,0,549119820,503532,1041,0,1.15,0.0,inf,218
2022-07-10,555918099,6376490,0,549541609,422634,845,0,1.15,0.0,inf,218
2022-07-11,556971793,6378271,0,550593522,1053694,1781,0,1.15,0.0,inf,218
2022-07-12,558194858,6380730,0,551814128,1223065,2459,0,1.14,0.0,inf,218
2022-07-13,559621954,6383340,0,553238614,1427096,2610,0,1.14,0.0,inf,218
2022-07-14,560624311,6385413,0,554238898,1002357,2073,0,1.14,0.0,inf,218
2022-07-15,561626838,6387721,0,555239117,1002527,2308,0,1.14,0.0,inf,218
2022-07-16,562179597,6388804,0,555790793,552759,1083,0,1.14,0.0,inf,218
2022-07-17,562638816,6389790,0,556249026,459219,986,0,1.14,0.0,inf,218
2022-07-18,563837294,6391871,0,557445423,1198478,2081,0,1.13,0.0,inf,218
2022-07-19,565382169,6394950,0,558987219,1545645,3079,0,1.13,0.0,inf,218
2022-07-20,566984160,6397849,0,560586311,1603015,2899,0,1.13,0.0,inf,218
2022-07-21,568138239,6400392,0,561737847,1154079,2543,0,1.13,0.0,inf,218
2022-07-22,569233534,6403254,0,562830280,1095302,2862,0,1.12,0.0,inf,218
2022-07-23,569870087,6404541,0,563465546,636553,1287,0,1.12,0.0,inf,218
2022-07-24,570420935,6405572,0,564015363,550848,1031,0,1.12,0.0,inf,218
2022-07-25,571394740,6407521,0,564987219,973805,1949,0,1.12,0.0,inf,218
2022-07-26,572591523,6410438,0,566181085,1198418,2917,0,1.12,0.0,inf,218
2022-07-27,574018116,6413786,0,567604330,1426593,3348,0,1.12,0.0,inf,218
2022-07-28,575134232,6416544,0,568717688,1116123,2758,0,1.12,0.0,inf,218
2022-07-29,576509648,6419565,0,570090083,1375422,3021,0,1.11,0.0,inf,218
2022-07-30,577085697,6420660,0,570665037,576049,1095,0,1.11,0.0,inf,218
2022-07-31,577630235,6421575,0,571208660,544538,915,0,1.11,0.0,inf,218
2022-08-01,578503818,6424010,0,572079808,873583,2435,0,1.11,0.0,inf,218
2022-08-02,579694440,6426888,0,573267552,1190622,2878,0,1.11,0.0,inf,218
2022-08-03,580849918,6430043,0,574419875,1155478,3155,0,1.11,0.0,inf,218
2022-08-04,582304192,6433216,0,575870976,1465717,3173,0,1.1,0.0,inf,218
2022-08-05,583205438,6436163,0,576769275,901246,2947,0,1.1,0.0,inf,218
2022-08-06,584383602,6437892,0,577945710,1178164,1729,0,1.1,0.0,inf,218
2022-08-07,584881397,6438832,0,578442565,497795,940,0,1.1,0.0,inf,218
2022-08-08,585698120,6441135,0,579256985,816723,2303,0,1.1,0.0,inf,218
2022-08-09,586738418,6444696,0,580293722,1040298,3561,0,1.1,0.0,inf,218
2022-08-10,587765405,6447402,0,581318003,1026987,2706,0,1.1,0.0,inf,218
2022-08-11,588770897,6450608,0,582320289,1005492,3206,0,1.1,0.0,inf,218
2022-08-12,589523966,6453424,0,583070542,753069,2816,0,1.09,0.0,inf,218
2022-08-13,590160383,6454906,0,583705477,636417,1482,0,1.09,0.0,inf,218
2022-08-14,590621061,6455900,0,584165161,460678,994,0,1.09,0.0,inf,218
2022-08-15,591476592,6458295,0,585018297,855531,2395,0,1.09,0.0,inf,218
2022-08-16,592560007,6461731,0,586098276,1083415,3436,0,1.09,0.0,inf,218
2022-08-17,593550487,6464968,0,587085519,990480,3237,0,1.09,0.0,inf,218
2022-08-18,594495310,6467950,0,588027360,944823,2982,0,1.09,0.0,inf,218
2022-08-19,595296869,6470663,0,588826206,801650,2713,0,1.09,0.0,inf,218
2022-08-20,595871146,6471852,0,589399294,574277,1189,0,1.09,0.0,inf,218
2022-08-21,596355593,6473571,0,589882022,484447,1719,0,1.09,0.0,inf,218
2022-08-22,597067001,6474994,0,590592007,711408,1423,0,1.08,0.0,inf,218
2022-08-23,597956214,6477927,0,591478287,889677,2933,0,1.08,0.0,inf,218
2022-08-24,598840741,6481082,0,592359659,884588,3155,0,1.08,0.0,inf,218
2022-08-25,599705794,6484039,0,593221755,865053,2957,0,1.08,0.0,inf,218
2022-08-26,600408121,6486568,0,593921553,702327,2529,0,1.08,0.0,inf,218
2022-08-27,600860691,6487778,0,594372913,452570,1210,0,1.08,0.0,inf,218
2022-08-28,601266844,6488799,0,594778045,406153,1021,0,1.08,0.0,inf,218
2022-08-29,601844086,6490812,0,595353274,577242,2013,0,1.08,0.0,inf,218
2022-08-30,602592243,6493310,0,596098933,748157,2498,0,1.08,0.0,inf,218
2022-08-31,603345441,6496676,0,596848765,753198,3366,0,1.08,0.0,inf,218
2022-09-01,604025251,6499229,0,597526022,679810,2553,0,1.08,0.0,inf,218
2022-09-02,604682780,6501945,0,598180835,657529,2716,0,1.08,0.0,inf,218
2022-09-03,605059363,6503021,0,598556342,376583,1076,0,1.07,0.0,inf,218
2022-09-04,605429691,6504132,0,598925559,370328,1111,0,1.07,0.0,inf,218
2022-09-05,605887410,6505578,0,599381832,457719,1446,0,1.07,0.0,inf,218
2022-09-06,606561512,6507893,0,600053619,674102,2315,0,1.07,0.0,inf,218
2022-09-07,607178083,6510069,0,600668014,616571,2176,0,1.07,0.0,inf,218
2022-09-08,607762076,6512308,0,601249768,583993,2239,0,1.07,0.0,inf,218
2022-09-09,608287756,6514601,0,601773155,525680,2293,0,1.07,0.0,inf,218
2022-09-10,608600886,6515543,0,602085343,313130,942,0,1.07,0.0,inf,218
2022-09-11,608915119,6516329,0,602398790,314233,786,0,1.07,0.0,inf,218
2022-09-12,609400339,6517844,0,602882495,485361,1515,0,1.07,0.0,inf,218
2022-09-13,609948865,6519825,-1,603429041,548526,1981,-1,1.07,-0.0,-651982500.0,218
2022-09-14,610646918,6522163,-1,604124756,710987,2338,0,1.07,-0.0,-652216300.0,218
2022-09-15,611258222,6524734,-1,604733489,611304,2571,0,1.07,-0.0,-652473400.0,218
2022-09-16,611714117,6526745,-1,605187373,455895,2011,0,1.07,-0.0,-652674500.0,218
2022-09-17,612009165,6527594,-1,605481572,295048,849,0,1.07,-0.0,-652759400.0,218
2022-09-18,612263695,6528178,-1,605735518,254530,584,0,1.07,-0.0,-652817800.0,218
2022-09-19,612680655,6529560,-1,606151096,416960,1382,0,1.07,-0.0,-652956000.0,218
2022-09-20,613234287,6531389,-1,606702899,553768,1829,0,1.07,-0.0,-653138900.0,218
2022-09-21,613752055,6533446,0,607218609,517768,2057,1,1.06,0.0,inf,218
2022-09-22,614371717,6535641,0,607836076,619662,2195,0,1.06,0.0,inf,218
2022-09-23,614889806,6537469,0,608352337,518089,1828,0,1.06,0.0,inf,218
2022-09-24,615154103,6538304,0,608615799,264297,835,0,1.06,0.0,inf,218
2022-09-25,615377003,6538811,0,608838192,222900,507,0,1.06,0.0,inf,218
2022-09-26,615799762,6540187,0,609259575,422785,1376,0,1.06,0.0,inf,218
2022-09-27,616399300,6541789,0,609857511,599538,1602,0,1.06,0.0,inf,218
2022-09-28,616949335,6544131,0,610405204,550035,2342,0,1.06,0.0,inf,218
2022-09-29,617593487,6546418,0,611047069,644152,2287,0,1.06,0.0,inf,218
2022-09-30,618066048,6547890,0,611518158,472561,1472,0,1.06,0.0,inf,218
2022-10-01,618306941,6548559,0,611758382,240893,669,0,1.06,0.0,inf,218
2022-10-02,618507642,6549123,0,611958519,200809,564,0,1.06,0.0,inf,218
2022-10-03,618827592,6550487,0,612277105,319950,1364,0,1.06,0.0,inf,218
2022-10-04,619427705,6552089,0,612875616,600113,1602,0,1.06,0.0,inf,218
2022-10-05,620010691,6554276,0,613456415,582986,2187,0,1.06,0.0,inf,218
2022-10-06,620651315,6556285,0,614095030,640624,2009,0,1.06,0.0,inf,218
2022-10-07,621226548,6558082,0,614668466,575233,1797,0,1.06,0.0,inf,218
2022-10-08,621445552,6558793,0,614886759,219004,711,0,1.06,0.0,inf,218
2022-10-09,621664486,6559425,0,615105061,218934,632,0,1.06,0.0,inf,218
2022-10-10,622118170,6560742,0,615557428,453684,1317,0,1.05,0.0,inf,218
2022-10-11,622808270,6562649,0,616245621,690259,1907,0,1.05,0.0,inf,218
2022-10-12,623358635,6564551,0,616794084,552273,1902,0,1.05,0.0,inf,218
2022-10-13,624021560,6566658,0,617454902,662925,2107,0,1.05,0.0,inf,218
2022-10-14,624499470,6568372,0,617931098,477910,1714,0,1.05,0.0,inf,218
2022-10-15,624717558,6569149,0,618148409,218088,777,0,1.05,0.0,inf,218
2022-10-16,624909706,6569696,0,618340010,192148,547,0,1.05,0.0,inf,218
2022-10-17,625386220,6571456,0,618814764,476514,1760,0,1.05,0.0,inf,218
2022-10-18,626014957,6573303,0,619441654,629358,1847,0,1.05,0.0,inf,218
2022-10-19,626541904,6575546,0,619966358,527801,2243,0,1.05,0.0,inf,218
2022-10-20,627137306,6577747,0,620559559,595426,2201,0,1.05,0.0,inf,218
2022-10-21,627568522,6579747,0,620988775,431216,2000,0,1.05,0.0,inf,218
2022-10-22,627750857,6580366,0,621170491,182335,619,0,1.05,0.0,inf,218
2022-10-23,627911653,6580959,0,621330694,160796,593,0,1.05,0.0,inf,218
2022-10-24,628297671,6582277,0,621715394,386639,1318,0,1.05,0.0,inf,218
2022-10-25,628892636,6584456,0,622308180,594965,2179,0,1.05,0.0,inf,218
2022-10-26,629359713,6586960,0,622772753,467077,2504,0,1.05,0.0,inf,218
2022-10-27,629830618,6589082,0,623241536,477790,2122,0,1.05,0.0,inf,218
2022-10-28,630194393,6590564,0,623603829,363775,1482,0,1.05,0.0,inf,218
2022-10-29,630393488,6591229,0,623802259,199095,665,0,1.05,0.0,inf,218
2022-10-30,630560803,6591832,0,623968971,167315,603,0,1.05,0.0,inf,218
2022-10-31,630861131,6593052,0,624268079,300439,1220,0,1.05,0.0,inf,218
2022-11-01,631262809,6595854,0,624666955,401678,2802,0,1.04,0.0,inf,218
2022-11-02,631611140,6597437,0,625013703,348331,1583,0,1.04,0.0,inf,218
2022-11-03,632104775,6599782,0,625504993,493635,2345,0,1.04,0.0,inf,218
2022-11-04,632549270,6601757,0,625947513,444495,1975,0,1.04,0.0,inf,218
2022-11-05,632750572,6602369,0,626148203,201302,612,0,1.04,0.0,inf,218
2022-11-06,632937191,6602911,0,626334280,186619,542,0,1.04,0.0,inf,218
2022-11-07,633241841,6604054,0,626637787,306116,1143,0,1.04,0.0,inf,218
2022-11-08,633692607,6605325,0,627087282,450766,1271,0,1.04,0.0,inf,218
2022-11-09,634126673,6607438,0,627519235,434066,2113,0,1.04,0.0,inf,218
2022-11-10,634587081,6609529,0,627977552,460434,2091,0,1.04,0.0,inf,218
2022-11-11,635075450,6611235,0,628464215,488369,1706,0,1.04,0.0,inf,218
2022-11-12,635317955,6611679,0,628706276,242505,444,0,1.04,0.0,inf,218
2022-11-13,635501459,6612184,0,628889275,183504,505,0,1.04,0.0,inf,218
2022-11-14,635848321,6613526,0,629234795,348163,1342,0,1.04,0.0,inf,218
2022-11-15,636352059,6614589,0,629737470,503738,1063,0,1.04,0.0,inf,218
2022-11-16,636838358,6616895,0,630221463,486299,2306,0,1.04,0.0,inf,218
2022-11-17,637317715,6618936,0,630698779,479925,2041,0,1.04,0.0,inf,218
2022-11-18,637948446,6621293,0,631327153,630731,2357,0,1.04,0.0,inf,218
2022-11-19,638195775,6621785,0,631573990,247329,492,0,1.04,0.0,inf,218
2022-11-20,638418180,6622374,0,631795806,222405,589,0,1.04,0.0,inf,218
2022-11-21,638759835,6623499,0,632136336,341655,1125,0,1.04,0.0,inf,218
2022-11-22,639334067,6625238,0,632708829,574232,1739,0,1.04,0.0,inf,218
2022-11-23,639924825,6627343,0,633297482,591025,2105,0,1.04,0.0,inf,218
2022-11-24,640345157,6628740,0,633716417,420332,1397,0,1.04,0.0,inf,218
2022-11-25,641043313,6630941,0,634412372,698156,2201,0,1.03,0.0,inf,218
2022-11-26,641313877,6631450,0,634682427,270564,509,0,1.03,0.0,inf,218
2022-11-27,641577275,6632038,0,634945237,263398,588,0,1.03,0.0,inf,218
2022-11-28,641983079,6633215,0,635349864,405827,1177,0,1.03,0.0,inf,218
2022-11-29,642713765,6634814,0,636078951,730686,1599,0,1.03,0.0,inf,218
2022-11-30,643249511,6636442,0,636613069,535746,1628,0,1.03,0.0,inf,218
2022-12-01,643955701,6638831,0,637316870,706190,2389,0,1.03,0.0,inf,218
2022-12-02,644717543,6641172,0,638076371,761842,2341,0,1.03,0.0,inf,218
2022-12-03,645017323,6641777,0,638375546,299780,605,0,1.03,0.0,inf,218
2022-12-04,645274361,6642409,0,638631952,257043,632,0,1.03,0.0,inf,218
2022-12-05,645779354,6643794,0,639135560,504993,1385,0,1.03,0.0,inf,218
2022-12-06,646403798,6645530,0,639758268,624714,1736,0,1.03,0.0,inf,218
2022-12-07,647037137,6647705,0,640389432,635299,2175,0,1.03,0.0,inf,218
2022-12-08,647846170,6650703,0,641195467,809033,2998,0,1.03,0.0,inf,218
2022-12-09,648516944,6652872,0,641864072,670774,2169,0,1.03,0.0,inf,218
2022-12-10,648791446,6653413,0,642138033,274502,541,0,1.03,0.0,inf,218
2022-12-11,649090570,6654006,0,642436564,299124,593,0,1.03,0.0,inf,218
2022-12-12,649663214,6655605,0,643007609,572644,1599,0,1.02,0.0,inf,218
2022-12-13,650441234,6657498,0,643783736,778020,1893,0,1.02,0.0,inf,218
2022-12-14,651126795,6659856,0,644466939,694200,2358,0,1.02,0.0,inf,218
2022-12-15,651877273,6662600,0,645214673,750478,2744,0,1.02,0.0,inf,218
2022-12-16,652609524,6665256,0,645944268,732251,2656,0,1.02,0.0,inf,218
2022-12-17,652909784,6666019,0,646243765,300260,763,0,1.02,0.0,inf,218
2022-12-18,653193241,6666753,0,646526488,283457,734,0,1.02,0.0,inf,218
2022-12-19,653774483,6668495,0,647105988,581242,1742,0,1.02,0.0,inf,218
2022-12-20,654487303,6670627,0,647816676,712820,2132,0,1.02,0.0,inf,218
2022-12-21,655201356,6673102,0,648528254,714053,2475,0,1.02,0.0,inf,218
2022-12-22,655960813,6675663,0,649285150,759457,2561,0,1.02,0.0,inf,218
2022-12-23,656601789,6678228,0,649923561,640976,2565,0,1.02,0.0,inf,218
2022-12-24,656946855,6679070,0,650267785,345066,842,0,1.02,0.0,inf,218
2022-12-25,657133184,6679801,0,650453383,251615,731,0,1.02,0.0,inf,218
2022-12-26,657650279,6680775,0,650969504,517095,974,0,1.02,0.0,inf,218
2022-12-27,658302765,6682729,0,651620036,652486,1954,0,1.02,0.0,inf,218
2022-12-28,658939303,6685391,0,652253912,636538,2662,0,1.01,0.0,inf,218
2022-12-29,659609482,6688178,0,652921304,670179,2787,0,1.01,0.0,inf,218
2022-12-30,660189162,6690432,0,653498730,579680,2254,0,1.01,0.0,inf,218
2022-12-31,660454872,6691165,0,653763707,265710,733,0,1.01,0.0,inf,218
2023-01-01,660767646,6692008,0,654075638,312774,843,0,1.01,0.0,inf,218
2023-01-02,661188365,6693293,0,654495072,420719,1285,0,1.01,0.0,inf,218
2023-01-03,661647620,6695383,0,654952237,459255,2090,0,1.01,0.0,inf,218
2023-01-04,662215995,6698160,0,655517835,569404,2777,0,1.01,0.0,inf,218
2023-01-05,662950539,6701655,0,656248884,734544,3495,0,1.01,0.0,inf,218
2023-01-06,663668741,6704659,0,656964082,718202,3004,0,1.01,0.0,inf,218
2023-01-07,664029031,6705484,0,657323547,360290,825,0,1.01,0.0,inf,218
2023-01-08,664347304,6706350,0,657640954,318273,866,0,1.01,0.0,inf,218
2023-01-09,664708559,6708335,0,658000224,361255,1985,0,1.01,0.0,inf,218
2023-01-10,665130545,6711575,0,658418970,421986,3240,0,1.01,0.0,inf,218
2023-01-11,665635147,6714713,0,658920434,504602,3138,0,1.01,0.0,inf,218
2023-01-12,666109086,6718864,0,659390222,473939,4151,0,1.01,0.0,inf,218
